Step,Seconds_Elapsed,Stride_Length_m,Speed_m_s,Cumulative_Distance_m,X_m,Y_m,Magnetic_Heading_deg,Gyro_Heading_deg,Gyro_Heading_Unwrapped_deg,Heading_Change_deg,Gyro_Rate_rad_s,Cadence_Adaptive_Constant_K
1,2.96,0.472,0.668,0.47,0.47,0.01,197.15,1.8,1.8,0.0,0.198,0.518
2,3.67,0.594,0.842,1.07,1.07,0.03,203.33,1.3,1.3,-0.5,-0.118,0.518
3,4.3,0.601,0.96,1.67,1.67,0.05,201.04,2.3,2.3,1.0,0.354,0.518
4,4.95,0.616,0.937,2.28,2.28,0.1,207.98,4.4,4.4,2.1,-0.209,0.518
5,5.56,0.628,1.044,2.91,2.9,0.18,211.43,7.7,7.7,3.2,0.661,0.518
6,6.12,0.716,1.275,3.63,3.6,0.34,206.03,12.4,12.4,4.7,-0.428,0.518
7,6.73,0.654,1.073,4.28,4.24,0.47,208.18,11.6,11.6,-0.7,0.488,0.518
8,7.42,0.615,0.892,4.9,4.84,0.61,203.92,13.0,13.0,1.4,-0.278,0.518
9,8.04,0.572,0.914,5.47,5.39,0.77,210.16,16.5,16.5,3.5,0.68,0.518
10,8.67,0.582,0.93,6.05,5.95,0.93,204.47,15.9,15.9,-0.7,-0.123,0.518
11,9.31,0.512,0.798,6.56,6.45,1.05,208.92,13.3,13.3,-2.6,0.11,0.518
12,10.26,0.196,0.207,6.76,6.64,1.06,198.64,4.0,4.0,-9.3,-1.189,0.518
13,11.22,0.424,0.441,7.18,6.77,0.66,183.66,286.8,-73.2,-77.2,-0.671,0.518
14,11.89,0.473,0.702,7.66,6.76,0.18,184.27,269.7,-90.3,-17.1,-0.024,0.518
15,12.42,0.517,0.976,8.17,6.76,-0.33,172.65,269.1,-90.9,-0.6,-0.018,0.518
16,12.95,0.711,1.345,8.88,6.76,-1.05,183.96,270.0,-90.0,0.8,0.342,0.518
17,13.63,0.628,0.932,9.51,6.72,-1.67,175.48,267.0,-93.0,-2.9,-0.343,0.518
18,14.22,0.671,1.13,10.18,6.68,-2.34,181.74,266.6,-93.4,-0.4,0.422,0.518
19,14.88,0.604,0.919,10.79,6.61,-2.94,173.6,263.1,-96.9,-3.5,-0.127,0.518
20,15.6,0.503,0.697,11.29,6.6,-3.45,188.0,268.9,-91.1,5.8,0.446,0.518
21,16.29,0.608,0.882,11.9,6.54,-4.05,170.76,264.3,-95.7,-4.6,-0.456,0.518
22,17.83,0.049,0.037,11.95,6.57,-4.09,200.81,303.7,-56.3,39.4,2.296,0.518
23,18.31,0.081,0.168,12.03,6.65,-4.07,216.94,12.7,12.7,69.0,2.414,0.518
24,19.11,0.49,0.611,12.52,6.66,-3.58,206.79,88.3,88.3,75.6,0.531,0.518
25,19.53,0.686,1.643,13.2,6.59,-2.9,192.67,95.8,95.8,7.5,-0.019,0.518
26,20.3,0.39,0.506,13.59,6.61,-2.51,188.8,87.1,87.1,-8.7,-0.087,0.518
27,20.84,0.748,1.372,14.34,6.6,-1.76,203.12,90.7,90.7,3.6,0.072,0.518
28,21.61,0.596,0.775,14.94,6.6,-1.17,194.0,90.5,90.5,-0.2,0.001,0.518
29,22.26,0.65,1.012,15.59,6.73,-0.53,210.96,78.6,78.6,-11.8,-0.57,0.518
30,23.2,0.383,0.404,15.97,7.1,-0.44,191.07,13.6,13.6,-65.0,-0.692,0.518
31,23.75,0.629,1.153,16.6,7.73,-0.4,204.87,3.7,3.7,-9.9,-0.11,0.518
32,24.49,0.526,0.712,17.12,8.25,-0.4,197.27,359.5,-0.5,-4.2,-0.218,0.518
33,25.16,0.569,0.843,17.69,8.82,-0.44,207.24,356.8,-3.2,-2.7,0.365,0.518
34,25.79,0.683,1.092,18.38,9.5,-0.43,191.64,0.1,0.1,3.3,0.103,0.518
35,26.62,0.266,0.319,18.64,9.7,-0.26,205.28,41.6,41.6,41.5,1.144,0.518
36,27.42,0.528,0.664,19.17,10.0,0.18,204.88,55.4,55.4,13.8,-0.578,0.518
37,28.07,0.531,0.808,19.7,10.51,0.34,200.6,17.9,17.9,-37.5,-0.56,0.518
38,28.7,0.525,0.838,20.23,11.03,0.4,199.2,6.5,6.5,-11.4,-0.485,0.518
