time,seconds_elapsed,brightness
1788680943141000000,-0.001,0.913385808467865
1788680944142000000,1.000000244140625,0.913385808467865
1788680945142000000,2.000000244140625,0.913385808467865
1788680946142000000,3.000000244140625,0.913385808467865
1788680947143000000,4.001,0.09448818862438202
1788680948144000000,5.002,0.09448818862438202
1788680949145000000,6.003,0.09448818862438202
1788680950145000000,7.003,0.09448818862438202
1788680951145000000,8.003,0.09448818862438202
1788680952146000000,9.003999755859375,0.09448818862438202
1788680953146000000,10.003999755859375,0.8779527544975281
1788680954147000000,11.005,0.8779527544975281
1788680955148000000,12.006,0.8779527544975281
1788680956149000000,13.007,0.8779527544975281
1788680957149000000,14.007,0.8779527544975281
1788680958150000000,15.008000244140625,0.8779527544975281
1788680959151000000,16.009,0.8779527544975281
1788680960151000000,17.009,0.8779527544975281
1788680961152000000,18.01,0.8779527544975281
1788680962154000000,19.011999755859375,0.8779527544975281
1788680963154000000,20.011999755859375,0.11023622006177902
1788680964155000000,21.013,0.11023622006177902
1788680965156000000,22.014,0.11023622006177902
1788680966157000000,23.015,0.11023622006177902
1788680967157000000,24.015,0.11023622006177902
1788680968158000000,25.016000244140624,0.11023622006177902
1788680969166000000,26.024000244140623,0.11023622006177902
1788680970158000000,27.016000244140624,0.8543307185173035
1788680971160000000,28.018,0.8543307185173035
1788680972160000000,29.018,0.8543307185173035
1788680973162000000,30.019999755859374,0.8543307185173035
1788680974162000000,31.019999755859374,0.08267716318368912
1788680975162000000,32.019999755859374,0.08267716318368912
1788680976163000000,33.021,0.08267716318368912
1788680977164000000,34.022,0.08267716318368912
1788680978165000000,35.023,0.08267716318368912
1788680979165000000,36.023,0.08267716318368912
1788680980166000000,37.02400024414062,0.08267716318368912
1788680981167000000,38.025,0.08267716318368912
1788680982169000000,39.027,0.08267716318368912
1788680983169000000,40.027,0.08267716318368912
1788680984169000000,41.027,0.08267716318368912
1788680985170000000,42.027999755859376,0.08267716318368912
1788680986171000000,43.029,0.08267716318368912
1788680987171000000,44.029,0.08267716318368912
1788680988171000000,45.029,0.08267716318368912
1788680989172000000,46.03,0.08267716318368912
1788680990172000000,47.03,0.08267716318368912
1788680991172000000,48.03,0.08267716318368912
1788680992172000000,49.03,0.08267716318368912
1788680993173000000,50.031,0.08267716318368912
1788680994174000000,51.032000244140626,0.08267716318368912
1788680995175000000,52.033,0.08267716318368912
1788680996175000000,53.033,0.08267716318368912
1788680997175000000,54.033,0.08267716318368912
1788680998179000000,55.037,0.08267716318368912
1788680999194000000,56.05199975585938,0.08267716318368912
1788681000180000000,57.038,0.08267716318368912
1788681001181000000,58.039,0.08267716318368912
1788681002182000000,59.04000024414062,0.08267716318368912
1788681003183000000,60.041,0.08267716318368912
1788681004184000000,61.042,0.08267716318368912
1788681005185000000,62.043,0.8110235929489136
1788681006185000000,63.043,0.8110235929489136
1788681007185000000,64.043,0.07480315119028091
1788681008185000000,65.043,0.07480315119028091
1788681009186000000,66.04399975585937,0.07480315119028091
1788681010187000000,67.045,0.07480315119028091
1788681011187000000,68.045,0.07480315119028091
1788681012188000000,69.046,0.07480315119028091
1788681013190000000,70.04800024414062,0.07480315119028091
1788681014190000000,71.04800024414062,0.07480315119028091
1788681015190000000,72.04800024414062,0.07480315119028091
1788681016189000000,73.047,0.07480315119028091
1788681017190000000,74.04800024414062,0.07480315119028091
1788681018190000000,75.04800024414062,0.07480315119028091
1788681019191000000,76.049,0.07480315119028091
1788681020191000000,77.049,0.8464567065238953
1788681021191000000,78.049,0.8464567065238953
1788681022192000000,79.05,0.8464567065238953
1788681023192000000,80.05,0.8464567065238953
1788681024193000000,81.051,0.8464567065238953
1788681025194000000,82.05199975585937,0.8464567065238953
1788681026194000000,83.05199975585937,0.8464567065238953
1788681027195000000,84.053,0.8464567065238953
1788681028196000000,85.054,0.8464567065238953
1788681029196000000,86.054,0.8464567065238953
1788681030196000000,87.054,0.8464567065238953
1788681031198000000,88.05600024414062,0.8464567065238953
1788681032198000000,89.05600024414062,0.8464567065238953
