Step,Seconds_Elapsed,Stride_Length_m,Speed_m_s,Cumulative_Distance_m,X_m,Y_m,Magnetic_Heading_deg,Gyro_Heading_deg,Gyro_Heading_Unwrapped_deg,Heading_Change_deg,Gyro_Rate_rad_s,Cadence_Adaptive_Constant_K,X_rot,Y_rot
1,6.26,0.678,1.078,0.68,0.68,-0.03,152.44,357.8,-2.2,0.0,0.138,0.657,0.29,-0.62
2,6.89,0.726,1.154,1.4,1.4,-0.08,156.31,355.6,-4.4,-2.2,-0.134,0.657,0.58,-1.28
3,7.62,0.671,0.925,2.08,2.07,-0.12,156.3,356.6,-3.4,1.0,0.035,0.657,0.85,-1.89
4,8.23,0.732,1.194,2.81,2.8,-0.17,154.46,356.5,-3.5,-0.2,-0.212,0.657,1.14,-2.56
5,8.81,0.734,1.265,3.54,3.53,-0.24,157.29,354.1,-5.9,-2.3,0.05,0.657,1.42,-3.24
6,9.42,0.717,1.169,4.26,4.25,-0.31,155.61,354.5,-5.5,0.4,-0.38,0.657,1.69,-3.91
7,10.0,0.771,1.329,5.03,5.01,-0.4,156.52,353.7,-6.3,-0.8,0.18,0.657,1.96,-4.63
8,10.62,0.745,1.215,5.78,5.75,-0.48,153.57,353.5,-6.5,-0.2,-0.235,0.657,2.23,-5.32
9,11.15,0.642,1.205,6.42,6.39,-0.57,154.05,352.1,-7.9,-1.4,0.202,0.657,2.45,-5.93
10,11.73,0.703,1.211,7.12,7.09,-0.67,150.26,352.0,-8.0,-0.1,-0.212,0.657,2.69,-6.6
11,12.34,0.71,1.157,7.83,7.79,-0.74,147.28,353.7,-6.3,1.8,0.004,0.657,2.95,-7.25
12,12.94,0.724,1.212,8.55,8.51,-0.83,146.27,353.3,-6.7,-0.4,-0.191,0.657,3.2,-7.93
13,13.49,0.731,1.332,9.28,9.24,-0.9,150.58,354.5,-5.5,1.2,0.037,0.657,3.48,-8.61
14,14.07,0.69,1.188,9.97,9.92,-0.99,156.93,352.1,-7.9,-2.4,-0.377,0.657,3.71,-9.25
15,14.62,0.699,1.274,10.67,10.61,-1.08,159.66,352.6,-7.4,0.5,0.075,0.657,3.95,-9.91
16,15.25,0.787,1.251,11.46,11.39,-1.23,161.63,349.5,-10.5,-3.1,-0.51,0.657,4.18,-10.67
17,15.79,0.797,1.452,12.26,12.17,-1.35,159.12,350.7,-9.3,1.2,0.076,0.657,4.43,-11.41
18,16.38,0.745,1.282,13.0,12.91,-1.49,160.5,349.7,-10.3,-1.0,-0.394,0.657,4.65,-12.13
19,16.96,0.697,1.199,13.7,13.59,-1.61,160.96,349.9,-10.1,0.2,0.0,0.657,4.86,-12.79
20,17.54,0.67,1.154,14.37,14.25,-1.73,162.28,349.2,-10.8,-0.7,-0.226,0.657,5.06,-13.43
21,18.12,0.696,1.198,15.06,14.94,-1.86,162.46,349.9,-10.1,0.6,0.136,0.657,5.26,-14.11
22,18.68,0.697,1.235,15.76,15.62,-1.98,164.31,349.8,-10.2,-0.0,-0.295,0.657,5.47,-14.76
23,19.3,0.754,1.23,16.52,16.36,-2.14,168.21,347.5,-12.5,-2.3,-0.096,0.657,5.67,-15.49
24,19.94,0.642,0.995,17.16,16.99,-2.25,167.91,350.6,-9.4,3.0,-0.126,0.657,5.87,-16.1
25,20.47,0.686,1.288,17.84,17.67,-2.36,166.85,350.7,-9.3,0.2,0.067,0.657,6.08,-16.76
26,21.04,0.716,1.268,18.56,18.37,-2.5,163.83,348.9,-11.1,-1.8,-0.491,0.657,6.28,-17.44
27,21.57,0.734,1.379,19.29,19.09,-2.61,162.52,350.7,-9.3,1.8,0.07,0.657,6.52,-18.13
28,22.2,0.698,1.109,19.99,19.78,-2.75,163.34,348.8,-11.2,-1.9,-0.044,0.657,6.71,-18.81
29,22.72,0.812,1.572,20.8,20.58,-2.88,159.97,351.1,-8.9,2.3,0.039,0.657,6.97,-19.58
30,23.36,0.698,1.082,21.5,21.25,-3.08,164.62,343.7,-16.3,-2.6,-0.163,0.657,7.1,-20.26
31,23.88,0.761,1.475,22.26,21.99,-3.27,164.15,345.3,-14.7,1.6,0.048,0.657,7.28,-21.01
32,24.43,0.698,1.272,22.96,22.65,-3.48,164.4,342.6,-17.4,-2.7,-0.266,0.657,7.39,-21.69
33,25.03,0.671,1.124,23.63,23.28,-3.71,159.26,340.2,-19.8,-2.4,-0.072,0.657,7.48,-22.35
34,25.57,0.741,1.352,24.37,23.97,-4.0,158.5,336.7,-23.3,-3.5,-0.519,0.657,7.54,-23.1
35,26.12,0.714,1.302,25.09,24.63,-4.26,157.58,338.5,-21.5,1.8,0.057,0.657,7.62,-23.81
36,26.61,0.738,1.525,25.83,25.32,-4.53,157.48,338.4,-21.6,-0.1,-0.009,0.657,7.7,-24.54
37,27.22,0.701,1.144,26.53,25.95,-4.82,160.81,335.5,-24.5,-3.0,0.01,0.657,7.73,-25.24
38,27.85,0.684,1.087,27.21,26.56,-5.13,160.17,333.0,-27.0,-2.4,-0.274,0.657,7.74,-25.92
39,28.37,0.703,1.362,27.92,27.21,-5.41,155.9,336.6,-23.4,3.6,-0.109,0.657,7.79,-26.63
40,28.93,0.652,1.154,28.57,27.8,-5.68,155.63,335.5,-24.5,-1.1,-0.327,0.657,7.83,-27.27
41,29.51,0.702,1.209,29.27,28.44,-5.97,152.73,335.6,-24.4,0.1,0.011,0.657,7.87,-27.98
42,30.11,0.688,1.153,29.96,29.06,-6.28,154.49,333.4,-26.6,-2.2,-0.138,0.657,7.88,-28.67
43,30.62,0.763,1.478,30.72,29.76,-6.59,152.5,336.2,-23.8,2.9,0.034,0.657,7.93,-29.43
44,31.19,0.687,1.216,31.41,30.38,-6.87,153.5,335.6,-24.4,-0.6,-0.311,0.657,7.97,-30.11
45,31.72,0.725,1.361,32.13,31.06,-7.13,151.32,338.9,-21.1,3.3,0.081,0.657,8.05,-30.83
46,32.35,0.665,1.056,32.8,31.67,-7.39,153.05,336.9,-23.1,-2.0,0.155,0.657,8.1,-31.5
47,32.87,0.787,1.524,33.58,32.4,-7.68,153.07,339.0,-21.0,2.0,-0.095,0.657,8.18,-32.28
48,33.46,0.719,1.205,34.3,33.05,-7.99,161.19,334.3,-25.7,-4.7,-0.156,0.657,8.21,-33.0
49,33.93,0.821,1.755,35.12,33.79,-8.34,166.67,334.5,-25.5,0.2,0.003,0.657,8.24,-33.81
50,34.53,0.727,1.217,35.84,34.4,-8.74,173.24,326.4,-33.6,-0.5,-0.15,0.657,8.17,-34.54
51,35.1,0.697,1.235,36.54,34.96,-9.15,175.46,323.9,-36.1,-2.4,-0.263,0.657,8.06,-35.23
52,35.63,0.687,1.291,37.23,35.52,-9.55,177.46,324.9,-35.1,1.0,-0.045,0.657,7.97,-35.91
53,36.24,0.665,1.084,37.89,36.07,-9.93,178.44,324.8,-35.2,-0.2,-0.019,0.657,7.89,-36.57
54,36.73,0.771,1.594,38.66,36.72,-10.34,174.75,327.9,-32.1,3.2,-0.018,0.657,7.82,-37.34
55,37.37,0.686,1.063,39.35,37.28,-10.73,175.05,324.8,-35.2,-3.1,-0.082,0.657,7.74,-38.01
56,38.5,0.538,0.476,39.89,37.74,-11.02,163.56,328.3,-31.7,3.5,-0.034,0.657,7.69,-38.56
57,38.98,0.728,1.504,40.61,38.36,-11.39,164.31,329.1,-30.9,0.8,0.198,0.657,7.65,-39.28
58,39.55,0.672,1.191,41.29,38.94,-11.73,159.91,329.4,-30.6,0.3,-0.107,0.657,7.62,-39.95
59,40.19,0.658,1.019,41.95,39.5,-12.09,158.15,327.5,-32.5,-1.9,0.032,0.657,7.56,-40.61
60,41.42,0.379,0.309,42.32,39.7,-12.4,181.12,303.0,-57.0,-24.5,-0.853,0.657,7.38,-40.93
