Source,Target,Distance,Path
1,2,6.99,"[1, 1001, 2]"
1,3,17.31,"[1, 1001, 1002, 1003, 3]"
1,4,19.86,"[1, 1001, 1002, 1003, 1004, 4]"
1,5,22.85,"[1, 1001, 1002, 1003, 1004, 1005, 5]"
1,6,24.55,"[1, 1001, 1002, 1003, 1004, 1005, 1006, 6]"
1,7,25.74,"[1, 1001, 1002, 1003, 1004, 1005, 1006, 1007, 7]"
1,8,28.79,"[1, 1001, 1002, 1003, 1004, 1005, 1006, 1007, 1008, 8]"
1,9,36.35,"[1, 1001, 1002, 1003, 1004, 1005, 1006, 1007, 1008, 1009, 9]"
1,10,40.1,"[1, 1001, 1002, 1003, 1004, 1005, 1006, 1007, 1008, 1009, 1010, 10]"
1,11,40.1,"[1, 1001, 1002, 1003, 1004, 1005, 1006, 1007, 1008, 1009, 1010, 11]"
1,12,48.980000000000004,"[1, 1001, 1002, 1003, 1004, 1005, 1006, 1007, 1008, 1009, 1010, 1011, 12]"
1,13,48.980000000000004,"[1, 1001, 1002, 1003, 1004, 1005, 1006, 1007, 1008, 1009, 1010, 1011, 13]"
1,14,64.7,"[1, 1001, 1002, 1003, 1004, 1005, 1006, 1007, 1008, 1009, 1010, 1011, 1012, 1013, 14]"
1,15,58.93000000000001,"[1, 1001, 1002, 1003, 1004, 1005, 1006, 1007, 1008, 1009, 1010, 1011, 1012, 1013, 15]"
1,16,24.55,"[1, 1001, 1002, 1014, 16]"
1,17,33.75,"[1, 1001, 1002, 1014, 1015, 17]"
1,18,39.19,"[1, 1001, 1002, 1014, 1015, 1016, 18]"
1,19,44.44,"[1, 1001, 1002, 1014, 1015, 1016, 1017, 19]"
1,20,48.480000000000004,"[1, 1001, 1002, 1014, 1015, 1016, 1017, 1018, 20]"
1,21,52.620000000000005,"[1, 1001, 1002, 1014, 1015, 1016, 1017, 1018, 1019, 21]"
1,22,56.58,"[1, 1001, 1002, 1014, 1015, 1016, 1017, 1018, 1019, 1020, 22]"
1,23,56.56999999999999,"[1, 1001, 1002, 1014, 1015, 1016, 1017, 1018, 1019, 1020, 23]"
1,24,22.91,"[1, 1001, 1002, 1021, 24]"
1,25,33.06,"[1, 1001, 1002, 1021, 1022, 25]"
1,26,42.58,"[1, 1001, 1002, 1021, 1022, 1023, 26]"
1,27,46.22,"[1, 1001, 1002, 1021, 1022, 1023, 1024, 27]"
1,28,49.42,"[1, 1001, 1002, 1021, 1022, 1023, 1024, 1025, 28]"
1,29,55.78,"[1, 1001, 1002, 1021, 1022, 1023, 1024, 1025, 1026, 29]"
1,30,55.790000000000006,"[1, 1001, 1002, 1021, 1022, 1023, 1024, 1025, 1026, 30]"
1,31,75.31,"[1, 1001, 1002, 1003, 1004, 1005, 1006, 1007, 1008, 1009, 1010, 1011, 1012, 1027, 1028, 31]"
1,32,78.08000000000001,"[1, 1001, 1002, 1003, 1004, 1005, 1006, 1007, 1008, 1009, 1010, 1011, 1012, 1027, 1028, 1029, 32]"
1,33,78.07000000000001,"[1, 1001, 1002, 1003, 1004, 1005, 1006, 1007, 1008, 1009, 1010, 1011, 1012, 1027, 1028, 1029, 33]"
1,34,84.91,"[1, 1001, 1002, 1003, 1004, 1005, 1006, 1007, 1008, 1009, 1010, 1011, 1012, 1027, 1028, 1029, 1030, 34]"
1,35,66.4,"[1, 1001, 1002, 1003, 1004, 1005, 1006, 1007, 1008, 1009, 1010, 1011, 1012, 1031, 35]"
1,36,72.29,"[1, 1001, 1002, 1003, 1004, 1005, 1006, 1007, 1008, 1009, 1010, 1011, 1012, 1031, 1032, 36]"
1,37,87.27,"[1, 1001, 1002, 1021, 1022, 1023, 1041, 1042, 1043, 1044, 1033, 1034, 37]"
1,38,92.63,"[1, 1001, 1002, 1021, 1022, 1023, 1041, 1042, 1043, 1044, 1033, 1034, 1035, 38]"
1,39,74.05000000000001,"[1, 1001, 1002, 1003, 1004, 1005, 1006, 1007, 1008, 1009, 1010, 1011, 1012, 1027, 1036, 39]"
1,40,79.55,"[1, 1001, 1002, 1014, 1015, 1016, 1017, 1040, 1039, 1038, 1037, 40]"
1,41,69.97999999999999,"[1, 1001, 1002, 1014, 1015, 1016, 1017, 1040, 1039, 1038, 41]"
1,42,58.879999999999995,"[1, 1001, 1002, 1014, 1015, 1016, 1017, 1040, 1039, 42]"
1,43,49.370000000000005,"[1, 1001, 1002, 1014, 1015, 1016, 1017, 1040, 43]"
1,44,54.09,"[1, 1001, 1002, 1021, 1022, 1023, 1041, 44]"
1,45,67.57,"[1, 1001, 1002, 1021, 1022, 1023, 1041, 1042, 45]"
1,46,69.66,"[1, 1001, 1002, 1021, 1022, 1023, 1041, 1042, 1043, 46]"
1,47,81.91,"[1, 1001, 1002, 1021, 1022, 1023, 1041, 1042, 1043, 1044, 47]"
2,3,15.299999999999999,"[2, 1001, 1002, 1003, 3]"
2,4,17.849999999999998,"[2, 1001, 1002, 1003, 1004, 4]"
2,5,20.839999999999996,"[2, 1001, 1002, 1003, 1004, 1005, 5]"
2,6,22.539999999999996,"[2, 1001, 1002, 1003, 1004, 1005, 1006, 6]"
2,7,23.729999999999997,"[2, 1001, 1002, 1003, 1004, 1005, 1006, 1007, 7]"
2,8,26.779999999999994,"[2, 1001, 1002, 1003, 1004, 1005, 1006, 1007, 1008, 8]"
2,9,34.339999999999996,"[2, 1001, 1002, 1003, 1004, 1005, 1006, 1007, 1008, 1009, 9]"
2,10,38.089999999999996,"[2, 1001, 1002, 1003, 1004, 1005, 1006, 1007, 1008, 1009, 1010, 10]"
2,11,38.089999999999996,"[2, 1001, 1002, 1003, 1004, 1005, 1006, 1007, 1008, 1009, 1010, 11]"
2,12,46.97,"[2, 1001, 1002, 1003, 1004, 1005, 1006, 1007, 1008, 1009, 1010, 1011, 12]"
2,13,46.97,"[2, 1001, 1002, 1003, 1004, 1005, 1006, 1007, 1008, 1009, 1010, 1011, 13]"
2,14,62.69,"[2, 1001, 1002, 1003, 1004, 1005, 1006, 1007, 1008, 1009, 1010, 1011, 1012, 1013, 14]"
2,15,56.92,"[2, 1001, 1002, 1003, 1004, 1005, 1006, 1007, 1008, 1009, 1010, 1011, 1012, 1013, 15]"
2,16,22.54,"[2, 1001, 1002, 1014, 16]"
2,17,31.74,"[2, 1001, 1002, 1014, 1015, 17]"
2,18,37.18,"[2, 1001, 1002, 1014, 1015, 1016, 18]"
2,19,42.43,"[2, 1001, 1002, 1014, 1015, 1016, 1017, 19]"
2,20,46.47,"[2, 1001, 1002, 1014, 1015, 1016, 1017, 1018, 20]"
2,21,50.61,"[2, 1001, 1002, 1014, 1015, 1016, 1017, 1018, 1019, 21]"
2,22,54.57,"[2, 1001, 1002, 1014, 1015, 1016, 1017, 1018, 1019, 1020, 22]"
2,23,54.559999999999995,"[2, 1001, 1002, 1014, 1015, 1016, 1017, 1018, 1019, 1020, 23]"
2,24,20.9,"[2, 1001, 1002, 1021, 24]"
2,25,31.049999999999997,"[2, 1001, 1002, 1021, 1022, 25]"
2,26,40.56999999999999,"[2, 1001, 1002, 1021, 1022, 1023, 26]"
2,27,44.209999999999994,"[2, 1001, 1002, 1021, 1022, 1023, 1024, 27]"
2,28,47.41,"[2, 1001, 1002, 1021, 1022, 1023, 1024, 1025, 28]"
2,29,53.769999999999996,"[2, 1001, 1002, 1021, 1022, 1023, 1024, 1025, 1026, 29]"
2,30,53.78,"[2, 1001, 1002, 1021, 1022, 1023, 1024, 1025, 1026, 30]"
2,31,73.3,"[2, 1001, 1002, 1003, 1004, 1005, 1006, 1007, 1008, 1009, 1010, 1011, 1012, 1027, 1028, 31]"
2,32,76.07,"[2, 1001, 1002, 1003, 1004, 1005, 1006, 1007, 1008, 1009, 1010, 1011, 1012, 1027, 1028, 1029, 32]"
2,33,76.06,"[2, 1001, 1002, 1003, 1004, 1005, 1006, 1007, 1008, 1009, 1010, 1011, 1012, 1027, 1028, 1029, 33]"
2,34,82.9,"[2, 1001, 1002, 1003, 1004, 1005, 1006, 1007, 1008, 1009, 1010, 1011, 1012, 1027, 1028, 1029, 1030, 34]"
2,35,64.39,"[2, 1001, 1002, 1003, 1004, 1005, 1006, 1007, 1008, 1009, 1010, 1011, 1012, 1031, 35]"
2,36,70.28,"[2, 1001, 1002, 1003, 1004, 1005, 1006, 1007, 1008, 1009, 1010, 1011, 1012, 1031, 1032, 36]"
2,37,85.25999999999999,"[2, 1001, 1002, 1021, 1022, 1023, 1041, 1042, 1043, 1044, 1033, 1034, 37]"
2,38,90.61999999999999,"[2, 1001, 1002, 1021, 1022, 1023, 1041, 1042, 1043, 1044, 1033, 1034, 1035, 38]"
2,39,72.03999999999999,"[2, 1001, 1002, 1003, 1004, 1005, 1006, 1007, 1008, 1009, 1010, 1011, 1012, 1027, 1036, 39]"
2,40,77.53999999999999,"[2, 1001, 1002, 1014, 1015, 1016, 1017, 1040, 1039, 1038, 1037, 40]"
2,41,67.97,"[2, 1001, 1002, 1014, 1015, 1016, 1017, 1040, 1039, 1038, 41]"
2,42,56.87,"[2, 1001, 1002, 1014, 1015, 1016, 1017, 1040, 1039, 42]"
2,43,47.36,"[2, 1001, 1002, 1014, 1015, 1016, 1017, 1040, 43]"
2,44,52.08,"[2, 1001, 1002, 1021, 1022, 1023, 1041, 44]"
2,45,65.56,"[2, 1001, 1002, 1021, 1022, 1023, 1041, 1042, 45]"
2,46,67.64999999999999,"[2, 1001, 1002, 1021, 1022, 1023, 1041, 1042, 1043, 46]"
2,47,79.89999999999999,"[2, 1001, 1002, 1021, 1022, 1023, 1041, 1042, 1043, 1044, 47]"
3,4,8.67,"[3, 1003, 1004, 4]"
3,5,11.66,"[3, 1003, 1004, 1005, 5]"
3,6,13.36,"[3, 1003, 1004, 1005, 1006, 6]"
3,7,14.549999999999999,"[3, 1003, 1004, 1005, 1006, 1007, 7]"
3,8,17.6,"[3, 1003, 1004, 1005, 1006, 1007, 1008, 8]"
3,9,25.159999999999997,"[3, 1003, 1004, 1005, 1006, 1007, 1008, 1009, 9]"
3,10,28.909999999999997,"[3, 1003, 1004, 1005, 1006, 1007, 1008, 1009, 1010, 10]"
3,11,28.909999999999997,"[3, 1003, 1004, 1005, 1006, 1007, 1008, 1009, 1010, 11]"
3,12,37.79,"[3, 1003, 1004, 1005, 1006, 1007, 1008, 1009, 1010, 1011, 12]"
3,13,37.79,"[3, 1003, 1004, 1005, 1006, 1007, 1008, 1009, 1010, 1011, 13]"
3,14,53.51,"[3, 1003, 1004, 1005, 1006, 1007, 1008, 1009, 1010, 1011, 1012, 1013, 14]"
3,15,47.739999999999995,"[3, 1003, 1004, 1005, 1006, 1007, 1008, 1009, 1010, 1011, 1012, 1013, 15]"
3,16,19.58,"[3, 1003, 1002, 1014, 16]"
3,17,28.779999999999998,"[3, 1003, 1002, 1014, 1015, 17]"
3,18,34.22,"[3, 1003, 1002, 1014, 1015, 1016, 18]"
3,19,39.47,"[3, 1003, 1002, 1014, 1015, 1016, 1017, 19]"
3,20,43.51,"[3, 1003, 1002, 1014, 1015, 1016, 1017, 1018, 20]"
3,21,47.65,"[3, 1003, 1002, 1014, 1015, 1016, 1017, 1018, 1019, 21]"
3,22,51.61,"[3, 1003, 1002, 1014, 1015, 1016, 1017, 1018, 1019, 1020, 22]"
3,23,51.599999999999994,"[3, 1003, 1002, 1014, 1015, 1016, 1017, 1018, 1019, 1020, 23]"
3,24,17.939999999999998,"[3, 1003, 1002, 1021, 24]"
3,25,28.09,"[3, 1003, 1002, 1021, 1022, 25]"
3,26,37.61,"[3, 1003, 1002, 1021, 1022, 1023, 26]"
3,27,41.25,"[3, 1003, 1002, 1021, 1022, 1023, 1024, 27]"
3,28,44.449999999999996,"[3, 1003, 1002, 1021, 1022, 1023, 1024, 1025, 28]"
3,29,50.809999999999995,"[3, 1003, 1002, 1021, 1022, 1023, 1024, 1025, 1026, 29]"
3,30,50.82,"[3, 1003, 1002, 1021, 1022, 1023, 1024, 1025, 1026, 30]"
3,31,64.12,"[3, 1003, 1004, 1005, 1006, 1007, 1008, 1009, 1010, 1011, 1012, 1027, 1028, 31]"
3,32,66.89,"[3, 1003, 1004, 1005, 1006, 1007, 1008, 1009, 1010, 1011, 1012, 1027, 1028, 1029, 32]"
3,33,66.88,"[3, 1003, 1004, 1005, 1006, 1007, 1008, 1009, 1010, 1011, 1012, 1027, 1028, 1029, 33]"
3,34,73.72,"[3, 1003, 1004, 1005, 1006, 1007, 1008, 1009, 1010, 1011, 1012, 1027, 1028, 1029, 1030, 34]"
3,35,55.21,"[3, 1003, 1004, 1005, 1006, 1007, 1008, 1009, 1010, 1011, 1012, 1031, 35]"
3,36,61.1,"[3, 1003, 1004, 1005, 1006, 1007, 1008, 1009, 1010, 1011, 1012, 1031, 1032, 36]"
3,37,78.97,"[3, 1003, 1004, 1005, 1006, 1007, 1008, 1009, 1010, 1011, 1012, 1031, 1032, 1033, 1034, 37]"
3,38,84.33,"[3, 1003, 1004, 1005, 1006, 1007, 1008, 1009, 1010, 1011, 1012, 1031, 1032, 1033, 1034, 1035, 38]"
3,39,62.86,"[3, 1003, 1004, 1005, 1006, 1007, 1008, 1009, 1010, 1011, 1012, 1027, 1036, 39]"
3,40,72.27,"[3, 1003, 1004, 1005, 1006, 1007, 1008, 1009, 1010, 1011, 1012, 1027, 1036, 1037, 40]"
3,41,65.00999999999999,"[3, 1003, 1002, 1014, 1015, 1016, 1017, 1040, 1039, 1038, 41]"
3,42,53.91,"[3, 1003, 1002, 1014, 1015, 1016, 1017, 1040, 1039, 42]"
3,43,44.4,"[3, 1003, 1002, 1014, 1015, 1016, 1017, 1040, 43]"
3,44,49.12,"[3, 1003, 1002, 1021, 1022, 1023, 1041, 44]"
3,45,62.6,"[3, 1003, 1002, 1021, 1022, 1023, 1041, 1042, 45]"
3,46,64.69,"[3, 1003, 1002, 1021, 1022, 1023, 1041, 1042, 1043, 46]"
3,47,76.94,"[3, 1003, 1002, 1021, 1022, 1023, 1041, 1042, 1043, 1044, 47]"
4,5,7.99,"[4, 1004, 1005, 5]"
4,6,9.690000000000001,"[4, 1004, 1005, 1006, 6]"
4,7,10.879999999999999,"[4, 1004, 1005, 1006, 1007, 7]"
4,8,13.93,"[4, 1004, 1005, 1006, 1007, 1008, 8]"
4,9,21.49,"[4, 1004, 1005, 1006, 1007, 1008, 1009, 9]"
4,10,25.24,"[4, 1004, 1005, 1006, 1007, 1008, 1009, 1010, 10]"
4,11,25.24,"[4, 1004, 1005, 1006, 1007, 1008, 1009, 1010, 11]"
4,12,34.12,"[4, 1004, 1005, 1006, 1007, 1008, 1009, 1010, 1011, 12]"
4,13,34.12,"[4, 1004, 1005, 1006, 1007, 1008, 1009, 1010, 1011, 13]"
4,14,49.84,"[4, 1004, 1005, 1006, 1007, 1008, 1009, 1010, 1011, 1012, 1013, 14]"
4,15,44.07,"[4, 1004, 1005, 1006, 1007, 1008, 1009, 1010, 1011, 1012, 1013, 15]"
4,16,22.13,"[4, 1004, 1003, 1002, 1014, 16]"
4,17,31.33,"[4, 1004, 1003, 1002, 1014, 1015, 17]"
4,18,36.769999999999996,"[4, 1004, 1003, 1002, 1014, 1015, 1016, 18]"
4,19,42.019999999999996,"[4, 1004, 1003, 1002, 1014, 1015, 1016, 1017, 19]"
4,20,46.06,"[4, 1004, 1003, 1002, 1014, 1015, 1016, 1017, 1018, 20]"
4,21,50.2,"[4, 1004, 1003, 1002, 1014, 1015, 1016, 1017, 1018, 1019, 21]"
4,22,54.16,"[4, 1004, 1003, 1002, 1014, 1015, 1016, 1017, 1018, 1019, 1020, 22]"
4,23,54.14999999999999,"[4, 1004, 1003, 1002, 1014, 1015, 1016, 1017, 1018, 1019, 1020, 23]"
4,24,20.49,"[4, 1004, 1003, 1002, 1021, 24]"
4,25,30.64,"[4, 1004, 1003, 1002, 1021, 1022, 25]"
4,26,40.16,"[4, 1004, 1003, 1002, 1021, 1022, 1023, 26]"
4,27,43.8,"[4, 1004, 1003, 1002, 1021, 1022, 1023, 1024, 27]"
4,28,47.0,"[4, 1004, 1003, 1002, 1021, 1022, 1023, 1024, 1025, 28]"
4,29,53.36,"[4, 1004, 1003, 1002, 1021, 1022, 1023, 1024, 1025, 1026, 29]"
4,30,53.370000000000005,"[4, 1004, 1003, 1002, 1021, 1022, 1023, 1024, 1025, 1026, 30]"
4,31,60.45,"[4, 1004, 1005, 1006, 1007, 1008, 1009, 1010, 1011, 1012, 1027, 1028, 31]"
4,32,63.22,"[4, 1004, 1005, 1006, 1007, 1008, 1009, 1010, 1011, 1012, 1027, 1028, 1029, 32]"
4,33,63.21000000000001,"[4, 1004, 1005, 1006, 1007, 1008, 1009, 1010, 1011, 1012, 1027, 1028, 1029, 33]"
4,34,70.05,"[4, 1004, 1005, 1006, 1007, 1008, 1009, 1010, 1011, 1012, 1027, 1028, 1029, 1030, 34]"
4,35,51.540000000000006,"[4, 1004, 1005, 1006, 1007, 1008, 1009, 1010, 1011, 1012, 1031, 35]"
4,36,57.43000000000001,"[4, 1004, 1005, 1006, 1007, 1008, 1009, 1010, 1011, 1012, 1031, 1032, 36]"
4,37,75.3,"[4, 1004, 1005, 1006, 1007, 1008, 1009, 1010, 1011, 1012, 1031, 1032, 1033, 1034, 37]"
4,38,80.66,"[4, 1004, 1005, 1006, 1007, 1008, 1009, 1010, 1011, 1012, 1031, 1032, 1033, 1034, 1035, 38]"
4,39,59.19,"[4, 1004, 1005, 1006, 1007, 1008, 1009, 1010, 1011, 1012, 1027, 1036, 39]"
4,40,68.6,"[4, 1004, 1005, 1006, 1007, 1008, 1009, 1010, 1011, 1012, 1027, 1036, 1037, 40]"
4,41,67.55999999999999,"[4, 1004, 1003, 1002, 1014, 1015, 1016, 1017, 1040, 1039, 1038, 41]"
4,42,56.459999999999994,"[4, 1004, 1003, 1002, 1014, 1015, 1016, 1017, 1040, 1039, 42]"
4,43,46.95,"[4, 1004, 1003, 1002, 1014, 1015, 1016, 1017, 1040, 43]"
4,44,51.67,"[4, 1004, 1003, 1002, 1021, 1022, 1023, 1041, 44]"
4,45,65.15,"[4, 1004, 1003, 1002, 1021, 1022, 1023, 1041, 1042, 45]"
4,46,67.24,"[4, 1004, 1003, 1002, 1021, 1022, 1023, 1041, 1042, 1043, 46]"
4,47,75.12,"[4, 1004, 1005, 1006, 1007, 1008, 1009, 1010, 1011, 1012, 1031, 1032, 1033, 1044, 47]"
5,6,6.7,"[5, 1005, 1006, 6]"
5,7,7.890000000000001,"[5, 1005, 1006, 1007, 7]"
5,8,10.940000000000001,"[5, 1005, 1006, 1007, 1008, 8]"
5,9,18.5,"[5, 1005, 1006, 1007, 1008, 1009, 9]"
5,10,22.25,"[5, 1005, 1006, 1007, 1008, 1009, 1010, 10]"
5,11,22.25,"[5, 1005, 1006, 1007, 1008, 1009, 1010, 11]"
5,12,31.130000000000003,"[5, 1005, 1006, 1007, 1008, 1009, 1010, 1011, 12]"
5,13,31.130000000000003,"[5, 1005, 1006, 1007, 1008, 1009, 1010, 1011, 13]"
5,14,46.85,"[5, 1005, 1006, 1007, 1008, 1009, 1010, 1011, 1012, 1013, 14]"
5,15,41.08,"[5, 1005, 1006, 1007, 1008, 1009, 1010, 1011, 1012, 1013, 15]"
5,16,25.119999999999997,"[5, 1005, 1004, 1003, 1002, 1014, 16]"
5,17,34.31999999999999,"[5, 1005, 1004, 1003, 1002, 1014, 1015, 17]"
5,18,39.76,"[5, 1005, 1004, 1003, 1002, 1014, 1015, 1016, 18]"
5,19,45.01,"[5, 1005, 1004, 1003, 1002, 1014, 1015, 1016, 1017, 19]"
5,20,49.05,"[5, 1005, 1004, 1003, 1002, 1014, 1015, 1016, 1017, 1018, 20]"
5,21,53.19,"[5, 1005, 1004, 1003, 1002, 1014, 1015, 1016, 1017, 1018, 1019, 21]"
5,22,57.15,"[5, 1005, 1004, 1003, 1002, 1014, 1015, 1016, 1017, 1018, 1019, 1020, 22]"
5,23,57.13999999999999,"[5, 1005, 1004, 1003, 1002, 1014, 1015, 1016, 1017, 1018, 1019, 1020, 23]"
5,24,23.479999999999997,"[5, 1005, 1004, 1003, 1002, 1021, 24]"
5,25,33.63,"[5, 1005, 1004, 1003, 1002, 1021, 1022, 25]"
5,26,43.15,"[5, 1005, 1004, 1003, 1002, 1021, 1022, 1023, 26]"
5,27,46.79,"[5, 1005, 1004, 1003, 1002, 1021, 1022, 1023, 1024, 27]"
5,28,49.989999999999995,"[5, 1005, 1004, 1003, 1002, 1021, 1022, 1023, 1024, 1025, 28]"
5,29,56.349999999999994,"[5, 1005, 1004, 1003, 1002, 1021, 1022, 1023, 1024, 1025, 1026, 29]"
5,30,56.36,"[5, 1005, 1004, 1003, 1002, 1021, 1022, 1023, 1024, 1025, 1026, 30]"
5,31,57.46,"[5, 1005, 1006, 1007, 1008, 1009, 1010, 1011, 1012, 1027, 1028, 31]"
5,32,60.230000000000004,"[5, 1005, 1006, 1007, 1008, 1009, 1010, 1011, 1012, 1027, 1028, 1029, 32]"
5,33,60.220000000000006,"[5, 1005, 1006, 1007, 1008, 1009, 1010, 1011, 1012, 1027, 1028, 1029, 33]"
5,34,67.06,"[5, 1005, 1006, 1007, 1008, 1009, 1010, 1011, 1012, 1027, 1028, 1029, 1030, 34]"
5,35,48.550000000000004,"[5, 1005, 1006, 1007, 1008, 1009, 1010, 1011, 1012, 1031, 35]"
5,36,54.440000000000005,"[5, 1005, 1006, 1007, 1008, 1009, 1010, 1011, 1012, 1031, 1032, 36]"
5,37,72.31,"[5, 1005, 1006, 1007, 1008, 1009, 1010, 1011, 1012, 1031, 1032, 1033, 1034, 37]"
5,38,77.67,"[5, 1005, 1006, 1007, 1008, 1009, 1010, 1011, 1012, 1031, 1032, 1033, 1034, 1035, 38]"
5,39,56.2,"[5, 1005, 1006, 1007, 1008, 1009, 1010, 1011, 1012, 1027, 1036, 39]"
5,40,65.61,"[5, 1005, 1006, 1007, 1008, 1009, 1010, 1011, 1012, 1027, 1036, 1037, 40]"
5,41,70.54999999999998,"[5, 1005, 1004, 1003, 1002, 1014, 1015, 1016, 1017, 1040, 1039, 1038, 41]"
5,42,59.449999999999996,"[5, 1005, 1004, 1003, 1002, 1014, 1015, 1016, 1017, 1040, 1039, 42]"
5,43,49.94,"[5, 1005, 1004, 1003, 1002, 1014, 1015, 1016, 1017, 1040, 43]"
5,44,54.66,"[5, 1005, 1004, 1003, 1002, 1021, 1022, 1023, 1041, 44]"
5,45,68.14,"[5, 1005, 1004, 1003, 1002, 1021, 1022, 1023, 1041, 1042, 45]"
5,46,70.22999999999999,"[5, 1005, 1004, 1003, 1002, 1021, 1022, 1023, 1041, 1042, 1043, 46]"
5,47,72.13,"[5, 1005, 1006, 1007, 1008, 1009, 1010, 1011, 1012, 1031, 1032, 1033, 1044, 47]"
6,7,6.1899999999999995,"[6, 1006, 1007, 7]"
6,8,9.24,"[6, 1006, 1007, 1008, 8]"
6,9,16.799999999999997,"[6, 1006, 1007, 1008, 1009, 9]"
6,10,20.549999999999997,"[6, 1006, 1007, 1008, 1009, 1010, 10]"
6,11,20.549999999999997,"[6, 1006, 1007, 1008, 1009, 1010, 11]"
6,12,29.43,"[6, 1006, 1007, 1008, 1009, 1010, 1011, 12]"
6,13,29.43,"[6, 1006, 1007, 1008, 1009, 1010, 1011, 13]"
6,14,45.150000000000006,"[6, 1006, 1007, 1008, 1009, 1010, 1011, 1012, 1013, 14]"
6,15,39.38,"[6, 1006, 1007, 1008, 1009, 1010, 1011, 1012, 1013, 15]"
6,16,26.82,"[6, 1006, 1005, 1004, 1003, 1002, 1014, 16]"
6,17,36.019999999999996,"[6, 1006, 1005, 1004, 1003, 1002, 1014, 1015, 17]"
6,18,41.46,"[6, 1006, 1005, 1004, 1003, 1002, 1014, 1015, 1016, 18]"
6,19,46.709999999999994,"[6, 1006, 1005, 1004, 1003, 1002, 1014, 1015, 1016, 1017, 19]"
6,20,50.75,"[6, 1006, 1005, 1004, 1003, 1002, 1014, 1015, 1016, 1017, 1018, 20]"
6,21,54.89,"[6, 1006, 1005, 1004, 1003, 1002, 1014, 1015, 1016, 1017, 1018, 1019, 21]"
6,22,58.849999999999994,"[6, 1006, 1005, 1004, 1003, 1002, 1014, 1015, 1016, 1017, 1018, 1019, 1020, 22]"
6,23,58.83999999999999,"[6, 1006, 1005, 1004, 1003, 1002, 1014, 1015, 1016, 1017, 1018, 1019, 1020, 23]"
6,24,25.18,"[6, 1006, 1005, 1004, 1003, 1002, 1021, 24]"
6,25,35.33,"[6, 1006, 1005, 1004, 1003, 1002, 1021, 1022, 25]"
6,26,44.85,"[6, 1006, 1005, 1004, 1003, 1002, 1021, 1022, 1023, 26]"
6,27,48.489999999999995,"[6, 1006, 1005, 1004, 1003, 1002, 1021, 1022, 1023, 1024, 27]"
6,28,51.69,"[6, 1006, 1005, 1004, 1003, 1002, 1021, 1022, 1023, 1024, 1025, 28]"
6,29,58.05,"[6, 1006, 1005, 1004, 1003, 1002, 1021, 1022, 1023, 1024, 1025, 1026, 29]"
6,30,58.06,"[6, 1006, 1005, 1004, 1003, 1002, 1021, 1022, 1023, 1024, 1025, 1026, 30]"
6,31,55.76,"[6, 1006, 1007, 1008, 1009, 1010, 1011, 1012, 1027, 1028, 31]"
6,32,58.53,"[6, 1006, 1007, 1008, 1009, 1010, 1011, 1012, 1027, 1028, 1029, 32]"
6,33,58.52,"[6, 1006, 1007, 1008, 1009, 1010, 1011, 1012, 1027, 1028, 1029, 33]"
6,34,65.36,"[6, 1006, 1007, 1008, 1009, 1010, 1011, 1012, 1027, 1028, 1029, 1030, 34]"
6,35,46.85,"[6, 1006, 1007, 1008, 1009, 1010, 1011, 1012, 1031, 35]"
6,36,52.74,"[6, 1006, 1007, 1008, 1009, 1010, 1011, 1012, 1031, 1032, 36]"
6,37,70.61,"[6, 1006, 1007, 1008, 1009, 1010, 1011, 1012, 1031, 1032, 1033, 1034, 37]"
6,38,75.97,"[6, 1006, 1007, 1008, 1009, 1010, 1011, 1012, 1031, 1032, 1033, 1034, 1035, 38]"
6,39,54.5,"[6, 1006, 1007, 1008, 1009, 1010, 1011, 1012, 1027, 1036, 39]"
6,40,63.91,"[6, 1006, 1007, 1008, 1009, 1010, 1011, 1012, 1027, 1036, 1037, 40]"
6,41,72.25,"[6, 1006, 1005, 1004, 1003, 1002, 1014, 1015, 1016, 1017, 1040, 1039, 1038, 41]"
6,42,61.14999999999999,"[6, 1006, 1005, 1004, 1003, 1002, 1014, 1015, 1016, 1017, 1040, 1039, 42]"
6,43,51.64,"[6, 1006, 1005, 1004, 1003, 1002, 1014, 1015, 1016, 1017, 1040, 43]"
6,44,56.36,"[6, 1006, 1005, 1004, 1003, 1002, 1021, 1022, 1023, 1041, 44]"
6,45,69.84,"[6, 1006, 1005, 1004, 1003, 1002, 1021, 1022, 1023, 1041, 1042, 45]"
6,46,71.92999999999999,"[6, 1006, 1005, 1004, 1003, 1002, 1021, 1022, 1023, 1041, 1042, 1043, 46]"
6,47,70.43,"[6, 1006, 1007, 1008, 1009, 1010, 1011, 1012, 1031, 1032, 1033, 1044, 47]"
7,8,8.05,"[7, 1007, 1008, 8]"
7,9,15.61,"[7, 1007, 1008, 1009, 9]"
7,10,19.36,"[7, 1007, 1008, 1009, 1010, 10]"
7,11,19.36,"[7, 1007, 1008, 1009, 1010, 11]"
7,12,28.240000000000002,"[7, 1007, 1008, 1009, 1010, 1011, 12]"
7,13,28.240000000000002,"[7, 1007, 1008, 1009, 1010, 1011, 13]"
7,14,43.96,"[7, 1007, 1008, 1009, 1010, 1011, 1012, 1013, 14]"
7,15,38.19,"[7, 1007, 1008, 1009, 1010, 1011, 1012, 1013, 15]"
7,16,28.009999999999998,"[7, 1007, 1006, 1005, 1004, 1003, 1002, 1014, 16]"
7,17,37.209999999999994,"[7, 1007, 1006, 1005, 1004, 1003, 1002, 1014, 1015, 17]"
7,18,42.65,"[7, 1007, 1006, 1005, 1004, 1003, 1002, 1014, 1015, 1016, 18]"
7,19,47.89999999999999,"[7, 1007, 1006, 1005, 1004, 1003, 1002, 1014, 1015, 1016, 1017, 19]"
7,20,51.94,"[7, 1007, 1006, 1005, 1004, 1003, 1002, 1014, 1015, 1016, 1017, 1018, 20]"
7,21,56.08,"[7, 1007, 1006, 1005, 1004, 1003, 1002, 1014, 1015, 1016, 1017, 1018, 1019, 21]"
7,22,60.03999999999999,"[7, 1007, 1006, 1005, 1004, 1003, 1002, 1014, 1015, 1016, 1017, 1018, 1019, 1020, 22]"
7,23,60.02999999999999,"[7, 1007, 1006, 1005, 1004, 1003, 1002, 1014, 1015, 1016, 1017, 1018, 1019, 1020, 23]"
7,24,26.369999999999997,"[7, 1007, 1006, 1005, 1004, 1003, 1002, 1021, 24]"
7,25,36.519999999999996,"[7, 1007, 1006, 1005, 1004, 1003, 1002, 1021, 1022, 25]"
7,26,46.04,"[7, 1007, 1006, 1005, 1004, 1003, 1002, 1021, 1022, 1023, 26]"
7,27,49.67999999999999,"[7, 1007, 1006, 1005, 1004, 1003, 1002, 1021, 1022, 1023, 1024, 27]"
7,28,52.879999999999995,"[7, 1007, 1006, 1005, 1004, 1003, 1002, 1021, 1022, 1023, 1024, 1025, 28]"
7,29,59.239999999999995,"[7, 1007, 1006, 1005, 1004, 1003, 1002, 1021, 1022, 1023, 1024, 1025, 1026, 29]"
7,30,59.25,"[7, 1007, 1006, 1005, 1004, 1003, 1002, 1021, 1022, 1023, 1024, 1025, 1026, 30]"
7,31,54.57,"[7, 1007, 1008, 1009, 1010, 1011, 1012, 1027, 1028, 31]"
7,32,57.34,"[7, 1007, 1008, 1009, 1010, 1011, 1012, 1027, 1028, 1029, 32]"
7,33,57.330000000000005,"[7, 1007, 1008, 1009, 1010, 1011, 1012, 1027, 1028, 1029, 33]"
7,34,64.17,"[7, 1007, 1008, 1009, 1010, 1011, 1012, 1027, 1028, 1029, 1030, 34]"
7,35,45.660000000000004,"[7, 1007, 1008, 1009, 1010, 1011, 1012, 1031, 35]"
7,36,51.550000000000004,"[7, 1007, 1008, 1009, 1010, 1011, 1012, 1031, 1032, 36]"
7,37,69.42,"[7, 1007, 1008, 1009, 1010, 1011, 1012, 1031, 1032, 1033, 1034, 37]"
7,38,74.78,"[7, 1007, 1008, 1009, 1010, 1011, 1012, 1031, 1032, 1033, 1034, 1035, 38]"
7,39,53.31,"[7, 1007, 1008, 1009, 1010, 1011, 1012, 1027, 1036, 39]"
7,40,62.72,"[7, 1007, 1008, 1009, 1010, 1011, 1012, 1027, 1036, 1037, 40]"
7,41,72.29,"[7, 1007, 1008, 1009, 1010, 1011, 1012, 1027, 1036, 1037, 1038, 41]"
7,42,62.33999999999999,"[7, 1007, 1006, 1005, 1004, 1003, 1002, 1014, 1015, 1016, 1017, 1040, 1039, 42]"
7,43,52.83,"[7, 1007, 1006, 1005, 1004, 1003, 1002, 1014, 1015, 1016, 1017, 1040, 43]"
7,44,57.55,"[7, 1007, 1006, 1005, 1004, 1003, 1002, 1021, 1022, 1023, 1041, 44]"
7,45,71.03,"[7, 1007, 1006, 1005, 1004, 1003, 1002, 1021, 1022, 1023, 1041, 1042, 45]"
7,46,73.11999999999999,"[7, 1007, 1006, 1005, 1004, 1003, 1002, 1021, 1022, 1023, 1041, 1042, 1043, 46]"
7,47,69.24000000000001,"[7, 1007, 1008, 1009, 1010, 1011, 1012, 1031, 1032, 1033, 1044, 47]"
8,9,12.559999999999999,"[8, 1008, 1009, 9]"
8,10,16.31,"[8, 1008, 1009, 1010, 10]"
8,11,16.31,"[8, 1008, 1009, 1010, 11]"
8,12,25.189999999999998,"[8, 1008, 1009, 1010, 1011, 12]"
8,13,25.189999999999998,"[8, 1008, 1009, 1010, 1011, 13]"
8,14,40.91,"[8, 1008, 1009, 1010, 1011, 1012, 1013, 14]"
8,15,35.14,"[8, 1008, 1009, 1010, 1011, 1012, 1013, 15]"
8,16,31.059999999999995,"[8, 1008, 1007, 1006, 1005, 1004, 1003, 1002, 1014, 16]"
8,17,40.26,"[8, 1008, 1007, 1006, 1005, 1004, 1003, 1002, 1014, 1015, 17]"
8,18,45.7,"[8, 1008, 1007, 1006, 1005, 1004, 1003, 1002, 1014, 1015, 1016, 18]"
8,19,50.949999999999996,"[8, 1008, 1007, 1006, 1005, 1004, 1003, 1002, 1014, 1015, 1016, 1017, 19]"
8,20,54.989999999999995,"[8, 1008, 1007, 1006, 1005, 1004, 1003, 1002, 1014, 1015, 1016, 1017, 1018, 20]"
8,21,59.129999999999995,"[8, 1008, 1007, 1006, 1005, 1004, 1003, 1002, 1014, 1015, 1016, 1017, 1018, 1019, 21]"
8,22,63.089999999999996,"[8, 1008, 1007, 1006, 1005, 1004, 1003, 1002, 1014, 1015, 1016, 1017, 1018, 1019, 1020, 22]"
8,23,63.07999999999999,"[8, 1008, 1007, 1006, 1005, 1004, 1003, 1002, 1014, 1015, 1016, 1017, 1018, 1019, 1020, 23]"
8,24,29.419999999999995,"[8, 1008, 1007, 1006, 1005, 1004, 1003, 1002, 1021, 24]"
8,25,39.57,"[8, 1008, 1007, 1006, 1005, 1004, 1003, 1002, 1021, 1022, 25]"
8,26,49.09,"[8, 1008, 1007, 1006, 1005, 1004, 1003, 1002, 1021, 1022, 1023, 26]"
8,27,52.73,"[8, 1008, 1007, 1006, 1005, 1004, 1003, 1002, 1021, 1022, 1023, 1024, 27]"
8,28,55.92999999999999,"[8, 1008, 1007, 1006, 1005, 1004, 1003, 1002, 1021, 1022, 1023, 1024, 1025, 28]"
8,29,62.28999999999999,"[8, 1008, 1007, 1006, 1005, 1004, 1003, 1002, 1021, 1022, 1023, 1024, 1025, 1026, 29]"
8,30,62.3,"[8, 1008, 1007, 1006, 1005, 1004, 1003, 1002, 1021, 1022, 1023, 1024, 1025, 1026, 30]"
8,31,51.519999999999996,"[8, 1008, 1009, 1010, 1011, 1012, 1027, 1028, 31]"
8,32,54.29,"[8, 1008, 1009, 1010, 1011, 1012, 1027, 1028, 1029, 32]"
8,33,54.28,"[8, 1008, 1009, 1010, 1011, 1012, 1027, 1028, 1029, 33]"
8,34,61.12,"[8, 1008, 1009, 1010, 1011, 1012, 1027, 1028, 1029, 1030, 34]"
8,35,42.61,"[8, 1008, 1009, 1010, 1011, 1012, 1031, 35]"
8,36,48.5,"[8, 1008, 1009, 1010, 1011, 1012, 1031, 1032, 36]"
8,37,66.37,"[8, 1008, 1009, 1010, 1011, 1012, 1031, 1032, 1033, 1034, 37]"
8,38,71.72999999999999,"[8, 1008, 1009, 1010, 1011, 1012, 1031, 1032, 1033, 1034, 1035, 38]"
8,39,50.26,"[8, 1008, 1009, 1010, 1011, 1012, 1027, 1036, 39]"
8,40,59.669999999999995,"[8, 1008, 1009, 1010, 1011, 1012, 1027, 1036, 1037, 40]"
8,41,69.24,"[8, 1008, 1009, 1010, 1011, 1012, 1027, 1036, 1037, 1038, 41]"
8,42,65.38999999999999,"[8, 1008, 1007, 1006, 1005, 1004, 1003, 1002, 1014, 1015, 1016, 1017, 1040, 1039, 42]"
8,43,55.879999999999995,"[8, 1008, 1007, 1006, 1005, 1004, 1003, 1002, 1014, 1015, 1016, 1017, 1040, 43]"
8,44,60.599999999999994,"[8, 1008, 1007, 1006, 1005, 1004, 1003, 1002, 1021, 1022, 1023, 1041, 44]"
8,45,74.08,"[8, 1008, 1007, 1006, 1005, 1004, 1003, 1002, 1021, 1022, 1023, 1041, 1042, 45]"
8,46,76.16999999999999,"[8, 1008, 1007, 1006, 1005, 1004, 1003, 1002, 1021, 1022, 1023, 1041, 1042, 1043, 46]"
8,47,66.19,"[8, 1008, 1009, 1010, 1011, 1012, 1031, 1032, 1033, 1044, 47]"
9,10,8.75,"[9, 1009, 1010, 10]"
9,11,8.75,"[9, 1009, 1010, 11]"
9,12,17.630000000000003,"[9, 1009, 1010, 1011, 12]"
9,13,17.630000000000003,"[9, 1009, 1010, 1011, 13]"
9,14,33.35,"[9, 1009, 1010, 1011, 1012, 1013, 14]"
9,15,27.580000000000002,"[9, 1009, 1010, 1011, 1012, 1013, 15]"
9,16,38.62,"[9, 1009, 1008, 1007, 1006, 1005, 1004, 1003, 1002, 1014, 16]"
9,17,47.81999999999999,"[9, 1009, 1008, 1007, 1006, 1005, 1004, 1003, 1002, 1014, 1015, 17]"
9,18,53.26,"[9, 1009, 1008, 1007, 1006, 1005, 1004, 1003, 1002, 1014, 1015, 1016, 18]"
9,19,58.50999999999999,"[9, 1009, 1008, 1007, 1006, 1005, 1004, 1003, 1002, 1014, 1015, 1016, 1017, 19]"
9,20,62.55,"[9, 1009, 1008, 1007, 1006, 1005, 1004, 1003, 1002, 1014, 1015, 1016, 1017, 1018, 20]"
9,21,66.69,"[9, 1009, 1008, 1007, 1006, 1005, 1004, 1003, 1002, 1014, 1015, 1016, 1017, 1018, 1019, 21]"
9,22,70.64999999999999,"[9, 1009, 1008, 1007, 1006, 1005, 1004, 1003, 1002, 1014, 1015, 1016, 1017, 1018, 1019, 1020, 22]"
9,23,70.63999999999999,"[9, 1009, 1008, 1007, 1006, 1005, 1004, 1003, 1002, 1014, 1015, 1016, 1017, 1018, 1019, 1020, 23]"
9,24,36.98,"[9, 1009, 1008, 1007, 1006, 1005, 1004, 1003, 1002, 1021, 24]"
9,25,47.129999999999995,"[9, 1009, 1008, 1007, 1006, 1005, 1004, 1003, 1002, 1021, 1022, 25]"
9,26,56.65,"[9, 1009, 1008, 1007, 1006, 1005, 1004, 1003, 1002, 1021, 1022, 1023, 26]"
9,27,60.28999999999999,"[9, 1009, 1008, 1007, 1006, 1005, 1004, 1003, 1002, 1021, 1022, 1023, 1024, 27]"
9,28,63.489999999999995,"[9, 1009, 1008, 1007, 1006, 1005, 1004, 1003, 1002, 1021, 1022, 1023, 1024, 1025, 28]"
9,29,69.85,"[9, 1009, 1008, 1007, 1006, 1005, 1004, 1003, 1002, 1021, 1022, 1023, 1024, 1025, 1026, 29]"
9,30,69.86,"[9, 1009, 1008, 1007, 1006, 1005, 1004, 1003, 1002, 1021, 1022, 1023, 1024, 1025, 1026, 30]"
9,31,43.96,"[9, 1009, 1010, 1011, 1012, 1027, 1028, 31]"
9,32,46.730000000000004,"[9, 1009, 1010, 1011, 1012, 1027, 1028, 1029, 32]"
9,33,46.72,"[9, 1009, 1010, 1011, 1012, 1027, 1028, 1029, 33]"
9,34,53.56,"[9, 1009, 1010, 1011, 1012, 1027, 1028, 1029, 1030, 34]"
9,35,35.050000000000004,"[9, 1009, 1010, 1011, 1012, 1031, 35]"
9,36,40.94,"[9, 1009, 1010, 1011, 1012, 1031, 1032, 36]"
9,37,58.809999999999995,"[9, 1009, 1010, 1011, 1012, 1031, 1032, 1033, 1034, 37]"
9,38,64.17,"[9, 1009, 1010, 1011, 1012, 1031, 1032, 1033, 1034, 1035, 38]"
9,39,42.7,"[9, 1009, 1010, 1011, 1012, 1027, 1036, 39]"
9,40,52.11,"[9, 1009, 1010, 1011, 1012, 1027, 1036, 1037, 40]"
9,41,61.67999999999999,"[9, 1009, 1010, 1011, 1012, 1027, 1036, 1037, 1038, 41]"
9,42,72.78,"[9, 1009, 1010, 1011, 1012, 1027, 1036, 1037, 1038, 1039, 42]"
9,43,63.44,"[9, 1009, 1008, 1007, 1006, 1005, 1004, 1003, 1002, 1014, 1015, 1016, 1017, 1040, 43]"
9,44,68.16,"[9, 1009, 1008, 1007, 1006, 1005, 1004, 1003, 1002, 1021, 1022, 1023, 1041, 44]"
9,45,72.97,"[9, 1009, 1010, 1011, 1012, 1031, 1032, 1033, 1044, 1043, 1042, 45]"
9,46,70.9,"[9, 1009, 1010, 1011, 1012, 1031, 1032, 1033, 1044, 1043, 46]"
9,47,58.629999999999995,"[9, 1009, 1010, 1011, 1012, 1031, 1032, 1033, 1044, 47]"
10,11,5.0,"[10, 1010, 11]"
10,12,13.88,"[10, 1010, 1011, 12]"
10,13,13.88,"[10, 1010, 1011, 13]"
10,14,29.6,"[10, 1010, 1011, 1012, 1013, 14]"
10,15,23.830000000000002,"[10, 1010, 1011, 1012, 1013, 15]"
10,16,42.37,"[10, 1010, 1009, 1008, 1007, 1006, 1005, 1004, 1003, 1002, 1014, 16]"
10,17,51.57,"[10, 1010, 1009, 1008, 1007, 1006, 1005, 1004, 1003, 1002, 1014, 1015, 17]"
10,18,57.010000000000005,"[10, 1010, 1009, 1008, 1007, 1006, 1005, 1004, 1003, 1002, 1014, 1015, 1016, 18]"
10,19,62.26,"[10, 1010, 1009, 1008, 1007, 1006, 1005, 1004, 1003, 1002, 1014, 1015, 1016, 1017, 19]"
10,20,66.30000000000001,"[10, 1010, 1009, 1008, 1007, 1006, 1005, 1004, 1003, 1002, 1014, 1015, 1016, 1017, 1018, 20]"
10,21,70.44,"[10, 1010, 1009, 1008, 1007, 1006, 1005, 1004, 1003, 1002, 1014, 1015, 1016, 1017, 1018, 1019, 21]"
10,22,74.4,"[10, 1010, 1009, 1008, 1007, 1006, 1005, 1004, 1003, 1002, 1014, 1015, 1016, 1017, 1018, 1019, 1020, 22]"
10,23,74.38999999999999,"[10, 1010, 1009, 1008, 1007, 1006, 1005, 1004, 1003, 1002, 1014, 1015, 1016, 1017, 1018, 1019, 1020, 23]"
10,24,40.73,"[10, 1010, 1009, 1008, 1007, 1006, 1005, 1004, 1003, 1002, 1021, 24]"
10,25,50.88,"[10, 1010, 1009, 1008, 1007, 1006, 1005, 1004, 1003, 1002, 1021, 1022, 25]"
10,26,60.400000000000006,"[10, 1010, 1009, 1008, 1007, 1006, 1005, 1004, 1003, 1002, 1021, 1022, 1023, 26]"
10,27,64.03999999999999,"[10, 1010, 1009, 1008, 1007, 1006, 1005, 1004, 1003, 1002, 1021, 1022, 1023, 1024, 27]"
10,28,67.24000000000001,"[10, 1010, 1009, 1008, 1007, 1006, 1005, 1004, 1003, 1002, 1021, 1022, 1023, 1024, 1025, 28]"
10,29,73.6,"[10, 1010, 1009, 1008, 1007, 1006, 1005, 1004, 1003, 1002, 1021, 1022, 1023, 1024, 1025, 1026, 29]"
10,30,73.61000000000001,"[10, 1010, 1009, 1008, 1007, 1006, 1005, 1004, 1003, 1002, 1021, 1022, 1023, 1024, 1025, 1026, 30]"
10,31,40.209999999999994,"[10, 1010, 1011, 1012, 1027, 1028, 31]"
10,32,42.98,"[10, 1010, 1011, 1012, 1027, 1028, 1029, 32]"
10,33,42.97,"[10, 1010, 1011, 1012, 1027, 1028, 1029, 33]"
10,34,49.809999999999995,"[10, 1010, 1011, 1012, 1027, 1028, 1029, 1030, 34]"
10,35,31.3,"[10, 1010, 1011, 1012, 1031, 35]"
10,36,37.19,"[10, 1010, 1011, 1012, 1031, 1032, 36]"
10,37,55.06,"[10, 1010, 1011, 1012, 1031, 1032, 1033, 1034, 37]"
10,38,60.42,"[10, 1010, 1011, 1012, 1031, 1032, 1033, 1034, 1035, 38]"
10,39,38.949999999999996,"[10, 1010, 1011, 1012, 1027, 1036, 39]"
10,40,48.36,"[10, 1010, 1011, 1012, 1027, 1036, 1037, 40]"
10,41,57.92999999999999,"[10, 1010, 1011, 1012, 1027, 1036, 1037, 1038, 41]"
10,42,69.03,"[10, 1010, 1011, 1012, 1027, 1036, 1037, 1038, 1039, 42]"
10,43,67.19,"[10, 1010, 1009, 1008, 1007, 1006, 1005, 1004, 1003, 1002, 1014, 1015, 1016, 1017, 1040, 43]"
10,44,71.91,"[10, 1010, 1009, 1008, 1007, 1006, 1005, 1004, 1003, 1002, 1021, 1022, 1023, 1041, 44]"
10,45,69.22,"[10, 1010, 1011, 1012, 1031, 1032, 1033, 1044, 1043, 1042, 45]"
10,46,67.15,"[10, 1010, 1011, 1012, 1031, 1032, 1033, 1044, 1043, 46]"
10,47,54.879999999999995,"[10, 1010, 1011, 1012, 1031, 1032, 1033, 1044, 47]"
11,12,13.88,"[11, 1010, 1011, 12]"
11,13,13.88,"[11, 1010, 1011, 13]"
11,14,29.6,"[11, 1010, 1011, 1012, 1013, 14]"
11,15,23.830000000000002,"[11, 1010, 1011, 1012, 1013, 15]"
11,16,42.37,"[11, 1010, 1009, 1008, 1007, 1006, 1005, 1004, 1003, 1002, 1014, 16]"
11,17,51.57,"[11, 1010, 1009, 1008, 1007, 1006, 1005, 1004, 1003, 1002, 1014, 1015, 17]"
11,18,57.010000000000005,"[11, 1010, 1009, 1008, 1007, 1006, 1005, 1004, 1003, 1002, 1014, 1015, 1016, 18]"
11,19,62.26,"[11, 1010, 1009, 1008, 1007, 1006, 1005, 1004, 1003, 1002, 1014, 1015, 1016, 1017, 19]"
11,20,66.30000000000001,"[11, 1010, 1009, 1008, 1007, 1006, 1005, 1004, 1003, 1002, 1014, 1015, 1016, 1017, 1018, 20]"
11,21,70.44,"[11, 1010, 1009, 1008, 1007, 1006, 1005, 1004, 1003, 1002, 1014, 1015, 1016, 1017, 1018, 1019, 21]"
11,22,74.4,"[11, 1010, 1009, 1008, 1007, 1006, 1005, 1004, 1003, 1002, 1014, 1015, 1016, 1017, 1018, 1019, 1020, 22]"
11,23,74.38999999999999,"[11, 1010, 1009, 1008, 1007, 1006, 1005, 1004, 1003, 1002, 1014, 1015, 1016, 1017, 1018, 1019, 1020, 23]"
11,24,40.73,"[11, 1010, 1009, 1008, 1007, 1006, 1005, 1004, 1003, 1002, 1021, 24]"
11,25,50.88,"[11, 1010, 1009, 1008, 1007, 1006, 1005, 1004, 1003, 1002, 1021, 1022, 25]"
11,26,60.400000000000006,"[11, 1010, 1009, 1008, 1007, 1006, 1005, 1004, 1003, 1002, 1021, 1022, 1023, 26]"
11,27,64.03999999999999,"[11, 1010, 1009, 1008, 1007, 1006, 1005, 1004, 1003, 1002, 1021, 1022, 1023, 1024, 27]"
11,28,67.24000000000001,"[11, 1010, 1009, 1008, 1007, 1006, 1005, 1004, 1003, 1002, 1021, 1022, 1023, 1024, 1025, 28]"
11,29,73.6,"[11, 1010, 1009, 1008, 1007, 1006, 1005, 1004, 1003, 1002, 1021, 1022, 1023, 1024, 1025, 1026, 29]"
11,30,73.61000000000001,"[11, 1010, 1009, 1008, 1007, 1006, 1005, 1004, 1003, 1002, 1021, 1022, 1023, 1024, 1025, 1026, 30]"
11,31,40.209999999999994,"[11, 1010, 1011, 1012, 1027, 1028, 31]"
11,32,42.98,"[11, 1010, 1011, 1012, 1027, 1028, 1029, 32]"
11,33,42.97,"[11, 1010, 1011, 1012, 1027, 1028, 1029, 33]"
11,34,49.809999999999995,"[11, 1010, 1011, 1012, 1027, 1028, 1029, 1030, 34]"
11,35,31.3,"[11, 1010, 1011, 1012, 1031, 35]"
11,36,37.19,"[11, 1010, 1011, 1012, 1031, 1032, 36]"
11,37,55.06,"[11, 1010, 1011, 1012, 1031, 1032, 1033, 1034, 37]"
11,38,60.42,"[11, 1010, 1011, 1012, 1031, 1032, 1033, 1034, 1035, 38]"
11,39,38.949999999999996,"[11, 1010, 1011, 1012, 1027, 1036, 39]"
11,40,48.36,"[11, 1010, 1011, 1012, 1027, 1036, 1037, 40]"
11,41,57.92999999999999,"[11, 1010, 1011, 1012, 1027, 1036, 1037, 1038, 41]"
11,42,69.03,"[11, 1010, 1011, 1012, 1027, 1036, 1037, 1038, 1039, 42]"
11,43,67.19,"[11, 1010, 1009, 1008, 1007, 1006, 1005, 1004, 1003, 1002, 1014, 1015, 1016, 1017, 1040, 43]"
11,44,71.91,"[11, 1010, 1009, 1008, 1007, 1006, 1005, 1004, 1003, 1002, 1021, 1022, 1023, 1041, 44]"
11,45,69.22,"[11, 1010, 1011, 1012, 1031, 1032, 1033, 1044, 1043, 1042, 45]"
11,46,67.15,"[11, 1010, 1011, 1012, 1031, 1032, 1033, 1044, 1043, 46]"
11,47,54.879999999999995,"[11, 1010, 1011, 1012, 1031, 1032, 1033, 1044, 47]"
12,13,5.0,"[12, 1011, 13]"
12,14,20.72,"[12, 1011, 1012, 1013, 14]"
12,15,14.950000000000001,"[12, 1011, 1012, 1013, 15]"
12,16,51.25,"[12, 1011, 1010, 1009, 1008, 1007, 1006, 1005, 1004, 1003, 1002, 1014, 16]"
12,17,60.45,"[12, 1011, 1010, 1009, 1008, 1007, 1006, 1005, 1004, 1003, 1002, 1014, 1015, 17]"
12,18,65.89000000000001,"[12, 1011, 1010, 1009, 1008, 1007, 1006, 1005, 1004, 1003, 1002, 1014, 1015, 1016, 18]"
12,19,71.14,"[12, 1011, 1010, 1009, 1008, 1007, 1006, 1005, 1004, 1003, 1002, 1014, 1015, 1016, 1017, 19]"
12,20,75.18,"[12, 1011, 1010, 1009, 1008, 1007, 1006, 1005, 1004, 1003, 1002, 1014, 1015, 1016, 1017, 1018, 20]"
12,21,79.32000000000001,"[12, 1011, 1010, 1009, 1008, 1007, 1006, 1005, 1004, 1003, 1002, 1014, 1015, 1016, 1017, 1018, 1019, 21]"
12,22,83.28,"[12, 1011, 1010, 1009, 1008, 1007, 1006, 1005, 1004, 1003, 1002, 1014, 1015, 1016, 1017, 1018, 1019, 1020, 22]"
12,23,83.27,"[12, 1011, 1010, 1009, 1008, 1007, 1006, 1005, 1004, 1003, 1002, 1014, 1015, 1016, 1017, 1018, 1019, 1020, 23]"
12,24,49.61,"[12, 1011, 1010, 1009, 1008, 1007, 1006, 1005, 1004, 1003, 1002, 1021, 24]"
12,25,59.760000000000005,"[12, 1011, 1010, 1009, 1008, 1007, 1006, 1005, 1004, 1003, 1002, 1021, 1022, 25]"
12,26,69.28,"[12, 1011, 1010, 1009, 1008, 1007, 1006, 1005, 1004, 1003, 1002, 1021, 1022, 1023, 26]"
12,27,72.92,"[12, 1011, 1010, 1009, 1008, 1007, 1006, 1005, 1004, 1003, 1002, 1021, 1022, 1023, 1024, 27]"
12,28,76.12,"[12, 1011, 1010, 1009, 1008, 1007, 1006, 1005, 1004, 1003, 1002, 1021, 1022, 1023, 1024, 1025, 28]"
12,29,82.48,"[12, 1011, 1010, 1009, 1008, 1007, 1006, 1005, 1004, 1003, 1002, 1021, 1022, 1023, 1024, 1025, 1026, 29]"
12,30,82.49000000000001,"[12, 1011, 1010, 1009, 1008, 1007, 1006, 1005, 1004, 1003, 1002, 1021, 1022, 1023, 1024, 1025, 1026, 30]"
12,31,31.33,"[12, 1011, 1012, 1027, 1028, 31]"
12,32,34.1,"[12, 1011, 1012, 1027, 1028, 1029, 32]"
12,33,34.09,"[12, 1011, 1012, 1027, 1028, 1029, 33]"
12,34,40.93,"[12, 1011, 1012, 1027, 1028, 1029, 1030, 34]"
12,35,22.42,"[12, 1011, 1012, 1031, 35]"
12,36,28.310000000000002,"[12, 1011, 1012, 1031, 1032, 36]"
12,37,46.18,"[12, 1011, 1012, 1031, 1032, 1033, 1034, 37]"
12,38,51.540000000000006,"[12, 1011, 1012, 1031, 1032, 1033, 1034, 1035, 38]"
12,39,30.07,"[12, 1011, 1012, 1027, 1036, 39]"
12,40,39.48,"[12, 1011, 1012, 1027, 1036, 1037, 40]"
12,41,49.05,"[12, 1011, 1012, 1027, 1036, 1037, 1038, 41]"
12,42,60.15,"[12, 1011, 1012, 1027, 1036, 1037, 1038, 1039, 42]"
12,43,69.66,"[12, 1011, 1012, 1027, 1036, 1037, 1038, 1039, 1040, 43]"
12,44,73.84,"[12, 1011, 1012, 1031, 1032, 1033, 1044, 1043, 1042, 1041, 44]"
12,45,60.34,"[12, 1011, 1012, 1031, 1032, 1033, 1044, 1043, 1042, 45]"
12,46,58.27,"[12, 1011, 1012, 1031, 1032, 1033, 1044, 1043, 46]"
12,47,46.0,"[12, 1011, 1012, 1031, 1032, 1033, 1044, 47]"
13,14,20.72,"[13, 1011, 1012, 1013, 14]"
13,15,14.950000000000001,"[13, 1011, 1012, 1013, 15]"
13,16,51.25,"[13, 1011, 1010, 1009, 1008, 1007, 1006, 1005, 1004, 1003, 1002, 1014, 16]"
13,17,60.45,"[13, 1011, 1010, 1009, 1008, 1007, 1006, 1005, 1004, 1003, 1002, 1014, 1015, 17]"
13,18,65.89000000000001,"[13, 1011, 1010, 1009, 1008, 1007, 1006, 1005, 1004, 1003, 1002, 1014, 1015, 1016, 18]"
13,19,71.14,"[13, 1011, 1010, 1009, 1008, 1007, 1006, 1005, 1004, 1003, 1002, 1014, 1015, 1016, 1017, 19]"
13,20,75.18,"[13, 1011, 1010, 1009, 1008, 1007, 1006, 1005, 1004, 1003, 1002, 1014, 1015, 1016, 1017, 1018, 20]"
13,21,79.32000000000001,"[13, 1011, 1010, 1009, 1008, 1007, 1006, 1005, 1004, 1003, 1002, 1014, 1015, 1016, 1017, 1018, 1019, 21]"
13,22,83.28,"[13, 1011, 1010, 1009, 1008, 1007, 1006, 1005, 1004, 1003, 1002, 1014, 1015, 1016, 1017, 1018, 1019, 1020, 22]"
13,23,83.27,"[13, 1011, 1010, 1009, 1008, 1007, 1006, 1005, 1004, 1003, 1002, 1014, 1015, 1016, 1017, 1018, 1019, 1020, 23]"
13,24,49.61,"[13, 1011, 1010, 1009, 1008, 1007, 1006, 1005, 1004, 1003, 1002, 1021, 24]"
13,25,59.760000000000005,"[13, 1011, 1010, 1009, 1008, 1007, 1006, 1005, 1004, 1003, 1002, 1021, 1022, 25]"
13,26,69.28,"[13, 1011, 1010, 1009, 1008, 1007, 1006, 1005, 1004, 1003, 1002, 1021, 1022, 1023, 26]"
13,27,72.92,"[13, 1011, 1010, 1009, 1008, 1007, 1006, 1005, 1004, 1003, 1002, 1021, 1022, 1023, 1024, 27]"
13,28,76.12,"[13, 1011, 1010, 1009, 1008, 1007, 1006, 1005, 1004, 1003, 1002, 1021, 1022, 1023, 1024, 1025, 28]"
13,29,82.48,"[13, 1011, 1010, 1009, 1008, 1007, 1006, 1005, 1004, 1003, 1002, 1021, 1022, 1023, 1024, 1025, 1026, 29]"
13,30,82.49000000000001,"[13, 1011, 1010, 1009, 1008, 1007, 1006, 1005, 1004, 1003, 1002, 1021, 1022, 1023, 1024, 1025, 1026, 30]"
13,31,31.33,"[13, 1011, 1012, 1027, 1028, 31]"
13,32,34.1,"[13, 1011, 1012, 1027, 1028, 1029, 32]"
13,33,34.09,"[13, 1011, 1012, 1027, 1028, 1029, 33]"
13,34,40.93,"[13, 1011, 1012, 1027, 1028, 1029, 1030, 34]"
13,35,22.42,"[13, 1011, 1012, 1031, 35]"
13,36,28.310000000000002,"[13, 1011, 1012, 1031, 1032, 36]"
13,37,46.18,"[13, 1011, 1012, 1031, 1032, 1033, 1034, 37]"
13,38,51.540000000000006,"[13, 1011, 1012, 1031, 1032, 1033, 1034, 1035, 38]"
13,39,30.07,"[13, 1011, 1012, 1027, 1036, 39]"
13,40,39.48,"[13, 1011, 1012, 1027, 1036, 1037, 40]"
13,41,49.05,"[13, 1011, 1012, 1027, 1036, 1037, 1038, 41]"
13,42,60.15,"[13, 1011, 1012, 1027, 1036, 1037, 1038, 1039, 42]"
13,43,69.66,"[13, 1011, 1012, 1027, 1036, 1037, 1038, 1039, 1040, 43]"
13,44,73.84,"[13, 1011, 1012, 1031, 1032, 1033, 1044, 1043, 1042, 1041, 44]"
13,45,60.34,"[13, 1011, 1012, 1031, 1032, 1033, 1044, 1043, 1042, 45]"
13,46,58.27,"[13, 1011, 1012, 1031, 1032, 1033, 1044, 1043, 46]"
13,47,46.0,"[13, 1011, 1012, 1031, 1032, 1033, 1044, 47]"
14,15,17.85,"[14, 1013, 15]"
14,16,66.97,"[14, 1013, 1012, 1011, 1010, 1009, 1008, 1007, 1006, 1005, 1004, 1003, 1002, 1014, 16]"
14,17,76.17,"[14, 1013, 1012, 1011, 1010, 1009, 1008, 1007, 1006, 1005, 1004, 1003, 1002, 1014, 1015, 17]"
14,18,81.61000000000001,"[14, 1013, 1012, 1011, 1010, 1009, 1008, 1007, 1006, 1005, 1004, 1003, 1002, 1014, 1015, 1016, 18]"
14,19,82.82999999999998,"[14, 1013, 1012, 1027, 1036, 1037, 1038, 1039, 1040, 1017, 19]"
14,20,86.87,"[14, 1013, 1012, 1027, 1036, 1037, 1038, 1039, 1040, 1017, 1018, 20]"
14,21,91.00999999999999,"[14, 1013, 1012, 1027, 1036, 1037, 1038, 1039, 1040, 1017, 1018, 1019, 21]"
14,22,94.97,"[14, 1013, 1012, 1027, 1036, 1037, 1038, 1039, 1040, 1017, 1018, 1019, 1020, 22]"
14,23,94.96000000000001,"[14, 1013, 1012, 1027, 1036, 1037, 1038, 1039, 1040, 1017, 1018, 1019, 1020, 23]"
14,24,65.33,"[14, 1013, 1012, 1011, 1010, 1009, 1008, 1007, 1006, 1005, 1004, 1003, 1002, 1021, 24]"
14,25,75.48,"[14, 1013, 1012, 1011, 1010, 1009, 1008, 1007, 1006, 1005, 1004, 1003, 1002, 1021, 1022, 25]"
14,26,85.0,"[14, 1013, 1012, 1011, 1010, 1009, 1008, 1007, 1006, 1005, 1004, 1003, 1002, 1021, 1022, 1023, 26]"
14,27,88.64,"[14, 1013, 1012, 1011, 1010, 1009, 1008, 1007, 1006, 1005, 1004, 1003, 1002, 1021, 1022, 1023, 1024, 27]"
14,28,91.84,"[14, 1013, 1012, 1011, 1010, 1009, 1008, 1007, 1006, 1005, 1004, 1003, 1002, 1021, 1022, 1023, 1024, 1025, 28]"
14,29,98.2,"[14, 1013, 1012, 1011, 1010, 1009, 1008, 1007, 1006, 1005, 1004, 1003, 1002, 1021, 1022, 1023, 1024, 1025, 1026, 29]"
14,30,98.21000000000001,"[14, 1013, 1012, 1011, 1010, 1009, 1008, 1007, 1006, 1005, 1004, 1003, 1002, 1021, 1022, 1023, 1024, 1025, 1026, 30]"
14,31,39.56999999999999,"[14, 1013, 1012, 1027, 1028, 31]"
14,32,42.339999999999996,"[14, 1013, 1012, 1027, 1028, 1029, 32]"
14,33,42.33,"[14, 1013, 1012, 1027, 1028, 1029, 33]"
14,34,49.169999999999995,"[14, 1013, 1012, 1027, 1028, 1029, 1030, 34]"
14,35,30.66,"[14, 1013, 1012, 1031, 35]"
14,36,36.55,"[14, 1013, 1012, 1031, 1032, 36]"
14,37,54.419999999999995,"[14, 1013, 1012, 1031, 1032, 1033, 1034, 37]"
14,38,59.78,"[14, 1013, 1012, 1031, 1032, 1033, 1034, 1035, 38]"
14,39,38.309999999999995,"[14, 1013, 1012, 1027, 1036, 39]"
14,40,47.72,"[14, 1013, 1012, 1027, 1036, 1037, 40]"
14,41,57.28999999999999,"[14, 1013, 1012, 1027, 1036, 1037, 1038, 41]"
14,42,68.38999999999999,"[14, 1013, 1012, 1027, 1036, 1037, 1038, 1039, 42]"
14,43,77.9,"[14, 1013, 1012, 1027, 1036, 1037, 1038, 1039, 1040, 43]"
14,44,82.08,"[14, 1013, 1012, 1031, 1032, 1033, 1044, 1043, 1042, 1041, 44]"
14,45,68.58,"[14, 1013, 1012, 1031, 1032, 1033, 1044, 1043, 1042, 45]"
14,46,66.50999999999999,"[14, 1013, 1012, 1031, 1032, 1033, 1044, 1043, 46]"
14,47,54.239999999999995,"[14, 1013, 1012, 1031, 1032, 1033, 1044, 47]"
15,16,61.199999999999996,"[15, 1013, 1012, 1011, 1010, 1009, 1008, 1007, 1006, 1005, 1004, 1003, 1002, 1014, 16]"
15,17,70.4,"[15, 1013, 1012, 1011, 1010, 1009, 1008, 1007, 1006, 1005, 1004, 1003, 1002, 1014, 1015, 17]"
15,18,75.84,"[15, 1013, 1012, 1011, 1010, 1009, 1008, 1007, 1006, 1005, 1004, 1003, 1002, 1014, 1015, 1016, 18]"
15,19,77.06,"[15, 1013, 1012, 1027, 1036, 1037, 1038, 1039, 1040, 1017, 19]"
15,20,81.1,"[15, 1013, 1012, 1027, 1036, 1037, 1038, 1039, 1040, 1017, 1018, 20]"
15,21,85.24000000000001,"[15, 1013, 1012, 1027, 1036, 1037, 1038, 1039, 1040, 1017, 1018, 1019, 21]"
15,22,89.19999999999999,"[15, 1013, 1012, 1027, 1036, 1037, 1038, 1039, 1040, 1017, 1018, 1019, 1020, 22]"
15,23,89.19,"[15, 1013, 1012, 1027, 1036, 1037, 1038, 1039, 1040, 1017, 1018, 1019, 1020, 23]"
15,24,59.559999999999995,"[15, 1013, 1012, 1011, 1010, 1009, 1008, 1007, 1006, 1005, 1004, 1003, 1002, 1021, 24]"
15,25,69.71000000000001,"[15, 1013, 1012, 1011, 1010, 1009, 1008, 1007, 1006, 1005, 1004, 1003, 1002, 1021, 1022, 25]"
15,26,79.23,"[15, 1013, 1012, 1011, 1010, 1009, 1008, 1007, 1006, 1005, 1004, 1003, 1002, 1021, 1022, 1023, 26]"
15,27,82.87,"[15, 1013, 1012, 1011, 1010, 1009, 1008, 1007, 1006, 1005, 1004, 1003, 1002, 1021, 1022, 1023, 1024, 27]"
15,28,86.07,"[15, 1013, 1012, 1011, 1010, 1009, 1008, 1007, 1006, 1005, 1004, 1003, 1002, 1021, 1022, 1023, 1024, 1025, 28]"
15,29,92.43,"[15, 1013, 1012, 1011, 1010, 1009, 1008, 1007, 1006, 1005, 1004, 1003, 1002, 1021, 1022, 1023, 1024, 1025, 1026, 29]"
15,30,92.44,"[15, 1013, 1012, 1011, 1010, 1009, 1008, 1007, 1006, 1005, 1004, 1003, 1002, 1021, 1022, 1023, 1024, 1025, 1026, 30]"
15,31,33.8,"[15, 1013, 1012, 1027, 1028, 31]"
15,32,36.57,"[15, 1013, 1012, 1027, 1028, 1029, 32]"
15,33,36.56,"[15, 1013, 1012, 1027, 1028, 1029, 33]"
15,34,43.4,"[15, 1013, 1012, 1027, 1028, 1029, 1030, 34]"
15,35,24.89,"[15, 1013, 1012, 1031, 35]"
15,36,30.78,"[15, 1013, 1012, 1031, 1032, 36]"
15,37,48.65,"[15, 1013, 1012, 1031, 1032, 1033, 1034, 37]"
15,38,54.010000000000005,"[15, 1013, 1012, 1031, 1032, 1033, 1034, 1035, 38]"
15,39,32.54,"[15, 1013, 1012, 1027, 1036, 39]"
15,40,41.949999999999996,"[15, 1013, 1012, 1027, 1036, 1037, 40]"
15,41,51.519999999999996,"[15, 1013, 1012, 1027, 1036, 1037, 1038, 41]"
15,42,62.62,"[15, 1013, 1012, 1027, 1036, 1037, 1038, 1039, 42]"
15,43,72.13,"[15, 1013, 1012, 1027, 1036, 1037, 1038, 1039, 1040, 43]"
15,44,76.31,"[15, 1013, 1012, 1031, 1032, 1033, 1044, 1043, 1042, 1041, 44]"
15,45,62.81,"[15, 1013, 1012, 1031, 1032, 1033, 1044, 1043, 1042, 45]"
15,46,60.74,"[15, 1013, 1012, 1031, 1032, 1033, 1044, 1043, 46]"
15,47,48.47,"[15, 1013, 1012, 1031, 1032, 1033, 1044, 47]"
16,17,14.2,"[16, 1014, 1015, 17]"
16,18,19.64,"[16, 1014, 1015, 1016, 18]"
16,19,24.89,"[16, 1014, 1015, 1016, 1017, 19]"
16,20,28.93,"[16, 1014, 1015, 1016, 1017, 1018, 20]"
16,21,33.07,"[16, 1014, 1015, 1016, 1017, 1018, 1019, 21]"
16,22,37.03,"[16, 1014, 1015, 1016, 1017, 1018, 1019, 1020, 22]"
16,23,37.019999999999996,"[16, 1014, 1015, 1016, 1017, 1018, 1019, 1020, 23]"
16,24,25.18,"[16, 1014, 1002, 1021, 24]"
16,25,35.33,"[16, 1014, 1002, 1021, 1022, 25]"
16,26,44.85,"[16, 1014, 1002, 1021, 1022, 1023, 26]"
16,27,48.489999999999995,"[16, 1014, 1002, 1021, 1022, 1023, 1024, 27]"
16,28,51.69,"[16, 1014, 1002, 1021, 1022, 1023, 1024, 1025, 28]"
16,29,58.05,"[16, 1014, 1002, 1021, 1022, 1023, 1024, 1025, 1026, 29]"
16,30,58.06,"[16, 1014, 1002, 1021, 1022, 1023, 1024, 1025, 1026, 30]"
16,31,75.75,"[16, 1014, 1015, 1016, 1017, 1040, 1039, 1038, 1037, 1036, 1027, 1028, 31]"
16,32,78.52,"[16, 1014, 1015, 1016, 1017, 1040, 1039, 1038, 1037, 1036, 1027, 1028, 1029, 32]"
16,33,78.50999999999999,"[16, 1014, 1015, 1016, 1017, 1040, 1039, 1038, 1037, 1036, 1027, 1028, 1029, 33]"
16,34,85.35,"[16, 1014, 1015, 1016, 1017, 1040, 1039, 1038, 1037, 1036, 1027, 1028, 1029, 1030, 34]"
16,35,68.67,"[16, 1014, 1002, 1003, 1004, 1005, 1006, 1007, 1008, 1009, 1010, 1011, 1012, 1031, 35]"
16,36,74.56,"[16, 1014, 1002, 1003, 1004, 1005, 1006, 1007, 1008, 1009, 1010, 1011, 1012, 1031, 1032, 36]"
16,37,89.53999999999999,"[16, 1014, 1002, 1021, 1022, 1023, 1041, 1042, 1043, 1044, 1033, 1034, 37]"
16,38,94.89999999999999,"[16, 1014, 1002, 1021, 1022, 1023, 1041, 1042, 1043, 1044, 1033, 1034, 1035, 38]"
16,39,69.41,"[16, 1014, 1015, 1016, 1017, 1040, 1039, 1038, 1037, 1036, 39]"
16,40,60.0,"[16, 1014, 1015, 1016, 1017, 1040, 1039, 1038, 1037, 40]"
16,41,50.43,"[16, 1014, 1015, 1016, 1017, 1040, 1039, 1038, 41]"
16,42,39.33,"[16, 1014, 1015, 1016, 1017, 1040, 1039, 42]"
16,43,29.82,"[16, 1014, 1015, 1016, 1017, 1040, 43]"
16,44,56.36,"[16, 1014, 1002, 1021, 1022, 1023, 1041, 44]"
16,45,69.84,"[16, 1014, 1002, 1021, 1022, 1023, 1041, 1042, 45]"
16,46,71.92999999999999,"[16, 1014, 1002, 1021, 1022, 1023, 1041, 1042, 1043, 46]"
16,47,84.17999999999999,"[16, 1014, 1002, 1021, 1022, 1023, 1041, 1042, 1043, 1044, 47]"
17,18,10.440000000000001,"[17, 1015, 1016, 18]"
17,19,15.690000000000001,"[17, 1015, 1016, 1017, 19]"
17,20,19.73,"[17, 1015, 1016, 1017, 1018, 20]"
17,21,23.87,"[17, 1015, 1016, 1017, 1018, 1019, 21]"
17,22,27.83,"[17, 1015, 1016, 1017, 1018, 1019, 1020, 22]"
17,23,27.82,"[17, 1015, 1016, 1017, 1018, 1019, 1020, 23]"
17,24,34.379999999999995,"[17, 1015, 1014, 1002, 1021, 24]"
17,25,44.53,"[17, 1015, 1014, 1002, 1021, 1022, 25]"
17,26,54.05,"[17, 1015, 1014, 1002, 1021, 1022, 1023, 26]"
17,27,57.69,"[17, 1015, 1014, 1002, 1021, 1022, 1023, 1024, 27]"
17,28,60.89,"[17, 1015, 1014, 1002, 1021, 1022, 1023, 1024, 1025, 28]"
17,29,67.25,"[17, 1015, 1014, 1002, 1021, 1022, 1023, 1024, 1025, 1026, 29]"
17,30,67.26,"[17, 1015, 1014, 1002, 1021, 1022, 1023, 1024, 1025, 1026, 30]"
17,31,66.55000000000001,"[17, 1015, 1016, 1017, 1040, 1039, 1038, 1037, 1036, 1027, 1028, 31]"
17,32,69.32,"[17, 1015, 1016, 1017, 1040, 1039, 1038, 1037, 1036, 1027, 1028, 1029, 32]"
17,33,69.31,"[17, 1015, 1016, 1017, 1040, 1039, 1038, 1037, 1036, 1027, 1028, 1029, 33]"
17,34,76.15,"[17, 1015, 1016, 1017, 1040, 1039, 1038, 1037, 1036, 1027, 1028, 1029, 1030, 34]"
17,35,77.87,"[17, 1015, 1014, 1002, 1003, 1004, 1005, 1006, 1007, 1008, 1009, 1010, 1011, 1012, 1031, 35]"
17,36,83.76,"[17, 1015, 1014, 1002, 1003, 1004, 1005, 1006, 1007, 1008, 1009, 1010, 1011, 1012, 1031, 1032, 36]"
17,37,98.74,"[17, 1015, 1014, 1002, 1021, 1022, 1023, 1041, 1042, 1043, 1044, 1033, 1034, 37]"
17,38,104.1,"[17, 1015, 1014, 1002, 1021, 1022, 1023, 1041, 1042, 1043, 1044, 1033, 1034, 1035, 38]"
17,39,60.21,"[17, 1015, 1016, 1017, 1040, 1039, 1038, 1037, 1036, 39]"
17,40,50.8,"[17, 1015, 1016, 1017, 1040, 1039, 1038, 1037, 40]"
17,41,41.230000000000004,"[17, 1015, 1016, 1017, 1040, 1039, 1038, 41]"
17,42,30.13,"[17, 1015, 1016, 1017, 1040, 1039, 42]"
17,43,20.62,"[17, 1015, 1016, 1017, 1040, 43]"
17,44,65.56,"[17, 1015, 1014, 1002, 1021, 1022, 1023, 1041, 44]"
17,45,79.04,"[17, 1015, 1014, 1002, 1021, 1022, 1023, 1041, 1042, 45]"
17,46,81.13,"[17, 1015, 1014, 1002, 1021, 1022, 1023, 1041, 1042, 1043, 46]"
17,47,93.38,"[17, 1015, 1014, 1002, 1021, 1022, 1023, 1041, 1042, 1043, 1044, 47]"
18,19,10.25,"[18, 1016, 1017, 19]"
18,20,14.29,"[18, 1016, 1017, 1018, 20]"
18,21,18.43,"[18, 1016, 1017, 1018, 1019, 21]"
18,22,22.39,"[18, 1016, 1017, 1018, 1019, 1020, 22]"
18,23,22.38,"[18, 1016, 1017, 1018, 1019, 1020, 23]"
18,24,39.82,"[18, 1016, 1015, 1014, 1002, 1021, 24]"
18,25,49.97,"[18, 1016, 1015, 1014, 1002, 1021, 1022, 25]"
18,26,59.49,"[18, 1016, 1015, 1014, 1002, 1021, 1022, 1023, 26]"
18,27,63.129999999999995,"[18, 1016, 1015, 1014, 1002, 1021, 1022, 1023, 1024, 27]"
18,28,66.33,"[18, 1016, 1015, 1014, 1002, 1021, 1022, 1023, 1024, 1025, 28]"
18,29,72.69,"[18, 1016, 1015, 1014, 1002, 1021, 1022, 1023, 1024, 1025, 1026, 29]"
18,30,72.7,"[18, 1016, 1015, 1014, 1002, 1021, 1022, 1023, 1024, 1025, 1026, 30]"
18,31,61.11,"[18, 1016, 1017, 1040, 1039, 1038, 1037, 1036, 1027, 1028, 31]"
18,32,63.879999999999995,"[18, 1016, 1017, 1040, 1039, 1038, 1037, 1036, 1027, 1028, 1029, 32]"
18,33,63.87,"[18, 1016, 1017, 1040, 1039, 1038, 1037, 1036, 1027, 1028, 1029, 33]"
18,34,70.71000000000001,"[18, 1016, 1017, 1040, 1039, 1038, 1037, 1036, 1027, 1028, 1029, 1030, 34]"
18,35,83.31,"[18, 1016, 1015, 1014, 1002, 1003, 1004, 1005, 1006, 1007, 1008, 1009, 1010, 1011, 1012, 1031, 35]"
18,36,89.20000000000002,"[18, 1016, 1015, 1014, 1002, 1003, 1004, 1005, 1006, 1007, 1008, 1009, 1010, 1011, 1012, 1031, 1032, 36]"
18,37,104.17999999999999,"[18, 1016, 1015, 1014, 1002, 1021, 1022, 1023, 1041, 1042, 1043, 1044, 1033, 1034, 37]"
18,38,109.53999999999999,"[18, 1016, 1015, 1014, 1002, 1021, 1022, 1023, 1041, 1042, 1043, 1044, 1033, 1034, 1035, 38]"
18,39,54.769999999999996,"[18, 1016, 1017, 1040, 1039, 1038, 1037, 1036, 39]"
18,40,45.36,"[18, 1016, 1017, 1040, 1039, 1038, 1037, 40]"
18,41,35.79,"[18, 1016, 1017, 1040, 1039, 1038, 41]"
18,42,24.689999999999998,"[18, 1016, 1017, 1040, 1039, 42]"
18,43,15.18,"[18, 1016, 1017, 1040, 43]"
18,44,71.0,"[18, 1016, 1015, 1014, 1002, 1021, 1022, 1023, 1041, 44]"
18,45,84.48,"[18, 1016, 1015, 1014, 1002, 1021, 1022, 1023, 1041, 1042, 45]"
18,46,86.57,"[18, 1016, 1015, 1014, 1002, 1021, 1022, 1023, 1041, 1042, 1043, 46]"
18,47,98.82,"[18, 1016, 1015, 1014, 1002, 1021, 1022, 1023, 1041, 1042, 1043, 1044, 47]"
19,20,9.04,"[19, 1017, 1018, 20]"
19,21,13.18,"[19, 1017, 1018, 1019, 21]"
19,22,17.14,"[19, 1017, 1018, 1019, 1020, 22]"
19,23,17.13,"[19, 1017, 1018, 1019, 1020, 23]"
19,24,45.07,"[19, 1017, 1016, 1015, 1014, 1002, 1021, 24]"
19,25,55.22,"[19, 1017, 1016, 1015, 1014, 1002, 1021, 1022, 25]"
19,26,64.74,"[19, 1017, 1016, 1015, 1014, 1002, 1021, 1022, 1023, 26]"
19,27,68.38,"[19, 1017, 1016, 1015, 1014, 1002, 1021, 1022, 1023, 1024, 27]"
19,28,71.58,"[19, 1017, 1016, 1015, 1014, 1002, 1021, 1022, 1023, 1024, 1025, 28]"
19,29,77.94,"[19, 1017, 1016, 1015, 1014, 1002, 1021, 1022, 1023, 1024, 1025, 1026, 29]"
19,30,77.95,"[19, 1017, 1016, 1015, 1014, 1002, 1021, 1022, 1023, 1024, 1025, 1026, 30]"
19,31,55.86,"[19, 1017, 1040, 1039, 1038, 1037, 1036, 1027, 1028, 31]"
19,32,58.629999999999995,"[19, 1017, 1040, 1039, 1038, 1037, 1036, 1027, 1028, 1029, 32]"
19,33,58.62,"[19, 1017, 1040, 1039, 1038, 1037, 1036, 1027, 1028, 1029, 33]"
19,34,65.46000000000001,"[19, 1017, 1040, 1039, 1038, 1037, 1036, 1027, 1028, 1029, 1030, 34]"
19,35,84.53,"[19, 1017, 1040, 1039, 1038, 1037, 1036, 1027, 1012, 1031, 35]"
19,36,90.41999999999999,"[19, 1017, 1040, 1039, 1038, 1037, 1036, 1027, 1012, 1031, 1032, 36]"
19,37,108.28999999999999,"[19, 1017, 1040, 1039, 1038, 1037, 1036, 1027, 1012, 1031, 1032, 1033, 1034, 37]"
19,38,113.65,"[19, 1017, 1040, 1039, 1038, 1037, 1036, 1027, 1012, 1031, 1032, 1033, 1034, 1035, 38]"
19,39,49.519999999999996,"[19, 1017, 1040, 1039, 1038, 1037, 1036, 39]"
19,40,40.11,"[19, 1017, 1040, 1039, 1038, 1037, 40]"
19,41,30.54,"[19, 1017, 1040, 1039, 1038, 41]"
19,42,19.439999999999998,"[19, 1017, 1040, 1039, 42]"
19,43,9.93,"[19, 1017, 1040, 43]"
19,44,76.25,"[19, 1017, 1016, 1015, 1014, 1002, 1021, 1022, 1023, 1041, 44]"
19,45,89.72999999999999,"[19, 1017, 1016, 1015, 1014, 1002, 1021, 1022, 1023, 1041, 1042, 45]"
19,46,91.82,"[19, 1017, 1016, 1015, 1014, 1002, 1021, 1022, 1023, 1041, 1042, 1043, 46]"
19,47,104.07,"[19, 1017, 1016, 1015, 1014, 1002, 1021, 1022, 1023, 1041, 1042, 1043, 1044, 47]"
20,21,9.14,"[20, 1018, 1019, 21]"
20,22,13.1,"[20, 1018, 1019, 1020, 22]"
20,23,13.09,"[20, 1018, 1019, 1020, 23]"
20,24,49.11,"[20, 1018, 1017, 1016, 1015, 1014, 1002, 1021, 24]"
20,25,59.26,"[20, 1018, 1017, 1016, 1015, 1014, 1002, 1021, 1022, 25]"
20,26,68.78,"[20, 1018, 1017, 1016, 1015, 1014, 1002, 1021, 1022, 1023, 26]"
20,27,72.41999999999999,"[20, 1018, 1017, 1016, 1015, 1014, 1002, 1021, 1022, 1023, 1024, 27]"
20,28,75.62,"[20, 1018, 1017, 1016, 1015, 1014, 1002, 1021, 1022, 1023, 1024, 1025, 28]"
20,29,81.97999999999999,"[20, 1018, 1017, 1016, 1015, 1014, 1002, 1021, 1022, 1023, 1024, 1025, 1026, 29]"
20,30,81.99000000000001,"[20, 1018, 1017, 1016, 1015, 1014, 1002, 1021, 1022, 1023, 1024, 1025, 1026, 30]"
20,31,59.9,"[20, 1018, 1017, 1040, 1039, 1038, 1037, 1036, 1027, 1028, 31]"
20,32,62.669999999999995,"[20, 1018, 1017, 1040, 1039, 1038, 1037, 1036, 1027, 1028, 1029, 32]"
20,33,62.66,"[20, 1018, 1017, 1040, 1039, 1038, 1037, 1036, 1027, 1028, 1029, 33]"
20,34,69.5,"[20, 1018, 1017, 1040, 1039, 1038, 1037, 1036, 1027, 1028, 1029, 1030, 34]"
20,35,88.57,"[20, 1018, 1017, 1040, 1039, 1038, 1037, 1036, 1027, 1012, 1031, 35]"
20,36,94.46000000000001,"[20, 1018, 1017, 1040, 1039, 1038, 1037, 1036, 1027, 1012, 1031, 1032, 36]"
20,37,112.33,"[20, 1018, 1017, 1040, 1039, 1038, 1037, 1036, 1027, 1012, 1031, 1032, 1033, 1034, 37]"
20,38,117.69,"[20, 1018, 1017, 1040, 1039, 1038, 1037, 1036, 1027, 1012, 1031, 1032, 1033, 1034, 1035, 38]"
20,39,53.559999999999995,"[20, 1018, 1017, 1040, 1039, 1038, 1037, 1036, 39]"
20,40,44.15,"[20, 1018, 1017, 1040, 1039, 1038, 1037, 40]"
20,41,34.58,"[20, 1018, 1017, 1040, 1039, 1038, 41]"
20,42,23.479999999999997,"[20, 1018, 1017, 1040, 1039, 42]"
20,43,13.969999999999999,"[20, 1018, 1017, 1040, 43]"
20,44,80.28999999999999,"[20, 1018, 1017, 1016, 1015, 1014, 1002, 1021, 1022, 1023, 1041, 44]"
20,45,93.77000000000001,"[20, 1018, 1017, 1016, 1015, 1014, 1002, 1021, 1022, 1023, 1041, 1042, 45]"
20,46,95.85999999999999,"[20, 1018, 1017, 1016, 1015, 1014, 1002, 1021, 1022, 1023, 1041, 1042, 1043, 46]"
20,47,108.10999999999999,"[20, 1018, 1017, 1016, 1015, 1014, 1002, 1021, 1022, 1023, 1041, 1042, 1043, 1044, 47]"
21,22,8.96,"[21, 1019, 1020, 22]"
21,23,8.95,"[21, 1019, 1020, 23]"
21,24,53.25,"[21, 1019, 1018, 1017, 1016, 1015, 1014, 1002, 1021, 24]"
21,25,63.4,"[21, 1019, 1018, 1017, 1016, 1015, 1014, 1002, 1021, 1022, 25]"
21,26,72.92,"[21, 1019, 1018, 1017, 1016, 1015, 1014, 1002, 1021, 1022, 1023, 26]"
21,27,76.56,"[21, 1019, 1018, 1017, 1016, 1015, 1014, 1002, 1021, 1022, 1023, 1024, 27]"
21,28,79.75999999999999,"[21, 1019, 1018, 1017, 1016, 1015, 1014, 1002, 1021, 1022, 1023, 1024, 1025, 28]"
21,29,86.12,"[21, 1019, 1018, 1017, 1016, 1015, 1014, 1002, 1021, 1022, 1023, 1024, 1025, 1026, 29]"
21,30,86.13,"[21, 1019, 1018, 1017, 1016, 1015, 1014, 1002, 1021, 1022, 1023, 1024, 1025, 1026, 30]"
21,31,64.03999999999999,"[21, 1019, 1018, 1017, 1040, 1039, 1038, 1037, 1036, 1027, 1028, 31]"
21,32,66.81,"[21, 1019, 1018, 1017, 1040, 1039, 1038, 1037, 1036, 1027, 1028, 1029, 32]"
21,33,66.8,"[21, 1019, 1018, 1017, 1040, 1039, 1038, 1037, 1036, 1027, 1028, 1029, 33]"
21,34,73.64,"[21, 1019, 1018, 1017, 1040, 1039, 1038, 1037, 1036, 1027, 1028, 1029, 1030, 34]"
21,35,92.71000000000001,"[21, 1019, 1018, 1017, 1040, 1039, 1038, 1037, 1036, 1027, 1012, 1031, 35]"
21,36,98.6,"[21, 1019, 1018, 1017, 1040, 1039, 1038, 1037, 1036, 1027, 1012, 1031, 1032, 36]"
21,37,116.47,"[21, 1019, 1018, 1017, 1040, 1039, 1038, 1037, 1036, 1027, 1012, 1031, 1032, 1033, 1034, 37]"
21,38,121.83000000000001,"[21, 1019, 1018, 1017, 1040, 1039, 1038, 1037, 1036, 1027, 1012, 1031, 1032, 1033, 1034, 1035, 38]"
21,39,57.699999999999996,"[21, 1019, 1018, 1017, 1040, 1039, 1038, 1037, 1036, 39]"
21,40,48.29,"[21, 1019, 1018, 1017, 1040, 1039, 1038, 1037, 40]"
21,41,38.72,"[21, 1019, 1018, 1017, 1040, 1039, 1038, 41]"
21,42,27.619999999999997,"[21, 1019, 1018, 1017, 1040, 1039, 42]"
21,43,18.11,"[21, 1019, 1018, 1017, 1040, 43]"
21,44,84.43,"[21, 1019, 1018, 1017, 1016, 1015, 1014, 1002, 1021, 1022, 1023, 1041, 44]"
21,45,97.91,"[21, 1019, 1018, 1017, 1016, 1015, 1014, 1002, 1021, 1022, 1023, 1041, 1042, 45]"
21,46,100.0,"[21, 1019, 1018, 1017, 1016, 1015, 1014, 1002, 1021, 1022, 1023, 1041, 1042, 1043, 46]"
21,47,112.25,"[21, 1019, 1018, 1017, 1016, 1015, 1014, 1002, 1021, 1022, 1023, 1041, 1042, 1043, 1044, 47]"
22,23,5.01,"[22, 1020, 23]"
22,24,57.21,"[22, 1020, 1019, 1018, 1017, 1016, 1015, 1014, 1002, 1021, 24]"
22,25,67.36,"[22, 1020, 1019, 1018, 1017, 1016, 1015, 1014, 1002, 1021, 1022, 25]"
22,26,76.88,"[22, 1020, 1019, 1018, 1017, 1016, 1015, 1014, 1002, 1021, 1022, 1023, 26]"
22,27,80.52,"[22, 1020, 1019, 1018, 1017, 1016, 1015, 1014, 1002, 1021, 1022, 1023, 1024, 27]"
22,28,83.72,"[22, 1020, 1019, 1018, 1017, 1016, 1015, 1014, 1002, 1021, 1022, 1023, 1024, 1025, 28]"
22,29,90.08,"[22, 1020, 1019, 1018, 1017, 1016, 1015, 1014, 1002, 1021, 1022, 1023, 1024, 1025, 1026, 29]"
22,30,90.09,"[22, 1020, 1019, 1018, 1017, 1016, 1015, 1014, 1002, 1021, 1022, 1023, 1024, 1025, 1026, 30]"
22,31,68.0,"[22, 1020, 1019, 1018, 1017, 1040, 1039, 1038, 1037, 1036, 1027, 1028, 31]"
22,32,70.77,"[22, 1020, 1019, 1018, 1017, 1040, 1039, 1038, 1037, 1036, 1027, 1028, 1029, 32]"
22,33,70.75999999999999,"[22, 1020, 1019, 1018, 1017, 1040, 1039, 1038, 1037, 1036, 1027, 1028, 1029, 33]"
22,34,77.6,"[22, 1020, 1019, 1018, 1017, 1040, 1039, 1038, 1037, 1036, 1027, 1028, 1029, 1030, 34]"
22,35,96.66999999999999,"[22, 1020, 1019, 1018, 1017, 1040, 1039, 1038, 1037, 1036, 1027, 1012, 1031, 35]"
22,36,102.56,"[22, 1020, 1019, 1018, 1017, 1040, 1039, 1038, 1037, 1036, 1027, 1012, 1031, 1032, 36]"
22,37,120.42999999999999,"[22, 1020, 1019, 1018, 1017, 1040, 1039, 1038, 1037, 1036, 1027, 1012, 1031, 1032, 1033, 1034, 37]"
22,38,125.78999999999999,"[22, 1020, 1019, 1018, 1017, 1040, 1039, 1038, 1037, 1036, 1027, 1012, 1031, 1032, 1033, 1034, 1035, 38]"
22,39,61.66,"[22, 1020, 1019, 1018, 1017, 1040, 1039, 1038, 1037, 1036, 39]"
22,40,52.25,"[22, 1020, 1019, 1018, 1017, 1040, 1039, 1038, 1037, 40]"
22,41,42.68,"[22, 1020, 1019, 1018, 1017, 1040, 1039, 1038, 41]"
22,42,31.58,"[22, 1020, 1019, 1018, 1017, 1040, 1039, 42]"
22,43,22.07,"[22, 1020, 1019, 1018, 1017, 1040, 43]"
22,44,88.38999999999999,"[22, 1020, 1019, 1018, 1017, 1016, 1015, 1014, 1002, 1021, 1022, 1023, 1041, 44]"
22,45,101.87,"[22, 1020, 1019, 1018, 1017, 1016, 1015, 1014, 1002, 1021, 1022, 1023, 1041, 1042, 45]"
22,46,103.95999999999998,"[22, 1020, 1019, 1018, 1017, 1016, 1015, 1014, 1002, 1021, 1022, 1023, 1041, 1042, 1043, 46]"
22,47,116.20999999999998,"[22, 1020, 1019, 1018, 1017, 1016, 1015, 1014, 1002, 1021, 1022, 1023, 1041, 1042, 1043, 1044, 47]"
23,24,57.199999999999996,"[23, 1020, 1019, 1018, 1017, 1016, 1015, 1014, 1002, 1021, 24]"
23,25,67.35,"[23, 1020, 1019, 1018, 1017, 1016, 1015, 1014, 1002, 1021, 1022, 25]"
23,26,76.86999999999999,"[23, 1020, 1019, 1018, 1017, 1016, 1015, 1014, 1002, 1021, 1022, 1023, 26]"
23,27,80.50999999999999,"[23, 1020, 1019, 1018, 1017, 1016, 1015, 1014, 1002, 1021, 1022, 1023, 1024, 27]"
23,28,83.71,"[23, 1020, 1019, 1018, 1017, 1016, 1015, 1014, 1002, 1021, 1022, 1023, 1024, 1025, 28]"
23,29,90.07,"[23, 1020, 1019, 1018, 1017, 1016, 1015, 1014, 1002, 1021, 1022, 1023, 1024, 1025, 1026, 29]"
23,30,90.08,"[23, 1020, 1019, 1018, 1017, 1016, 1015, 1014, 1002, 1021, 1022, 1023, 1024, 1025, 1026, 30]"
23,31,67.99000000000001,"[23, 1020, 1019, 1018, 1017, 1040, 1039, 1038, 1037, 1036, 1027, 1028, 31]"
23,32,70.75999999999999,"[23, 1020, 1019, 1018, 1017, 1040, 1039, 1038, 1037, 1036, 1027, 1028, 1029, 32]"
23,33,70.75,"[23, 1020, 1019, 1018, 1017, 1040, 1039, 1038, 1037, 1036, 1027, 1028, 1029, 33]"
23,34,77.59,"[23, 1020, 1019, 1018, 1017, 1040, 1039, 1038, 1037, 1036, 1027, 1028, 1029, 1030, 34]"
23,35,96.66,"[23, 1020, 1019, 1018, 1017, 1040, 1039, 1038, 1037, 1036, 1027, 1012, 1031, 35]"
23,36,102.55000000000001,"[23, 1020, 1019, 1018, 1017, 1040, 1039, 1038, 1037, 1036, 1027, 1012, 1031, 1032, 36]"
23,37,120.42,"[23, 1020, 1019, 1018, 1017, 1040, 1039, 1038, 1037, 1036, 1027, 1012, 1031, 1032, 1033, 1034, 37]"
23,38,125.78,"[23, 1020, 1019, 1018, 1017, 1040, 1039, 1038, 1037, 1036, 1027, 1012, 1031, 1032, 1033, 1034, 1035, 38]"
23,39,61.65,"[23, 1020, 1019, 1018, 1017, 1040, 1039, 1038, 1037, 1036, 39]"
23,40,52.239999999999995,"[23, 1020, 1019, 1018, 1017, 1040, 1039, 1038, 1037, 40]"
23,41,42.67,"[23, 1020, 1019, 1018, 1017, 1040, 1039, 1038, 41]"
23,42,31.569999999999997,"[23, 1020, 1019, 1018, 1017, 1040, 1039, 42]"
23,43,22.06,"[23, 1020, 1019, 1018, 1017, 1040, 43]"
23,44,88.38,"[23, 1020, 1019, 1018, 1017, 1016, 1015, 1014, 1002, 1021, 1022, 1023, 1041, 44]"
23,45,101.85999999999999,"[23, 1020, 1019, 1018, 1017, 1016, 1015, 1014, 1002, 1021, 1022, 1023, 1041, 1042, 45]"
23,46,103.94999999999999,"[23, 1020, 1019, 1018, 1017, 1016, 1015, 1014, 1002, 1021, 1022, 1023, 1041, 1042, 1043, 46]"
23,47,116.19999999999999,"[23, 1020, 1019, 1018, 1017, 1016, 1015, 1014, 1002, 1021, 1022, 1023, 1041, 1042, 1043, 1044, 47]"
24,25,15.15,"[24, 1021, 1022, 25]"
24,26,24.67,"[24, 1021, 1022, 1023, 26]"
24,27,28.310000000000002,"[24, 1021, 1022, 1023, 1024, 27]"
24,28,31.509999999999998,"[24, 1021, 1022, 1023, 1024, 1025, 28]"
24,29,37.87,"[24, 1021, 1022, 1023, 1024, 1025, 1026, 29]"
24,30,37.88,"[24, 1021, 1022, 1023, 1024, 1025, 1026, 30]"
24,31,75.94,"[24, 1021, 1002, 1003, 1004, 1005, 1006, 1007, 1008, 1009, 1010, 1011, 1012, 1027, 1028, 31]"
24,32,78.71000000000001,"[24, 1021, 1002, 1003, 1004, 1005, 1006, 1007, 1008, 1009, 1010, 1011, 1012, 1027, 1028, 1029, 32]"
24,33,78.7,"[24, 1021, 1002, 1003, 1004, 1005, 1006, 1007, 1008, 1009, 1010, 1011, 1012, 1027, 1028, 1029, 33]"
24,34,85.53999999999999,"[24, 1021, 1002, 1003, 1004, 1005, 1006, 1007, 1008, 1009, 1010, 1011, 1012, 1027, 1028, 1029, 1030, 34]"
24,35,67.03,"[24, 1021, 1002, 1003, 1004, 1005, 1006, 1007, 1008, 1009, 1010, 1011, 1012, 1031, 35]"
24,36,72.92,"[24, 1021, 1002, 1003, 1004, 1005, 1006, 1007, 1008, 1009, 1010, 1011, 1012, 1031, 1032, 36]"
24,37,69.36,"[24, 1021, 1022, 1023, 1041, 1042, 1043, 1044, 1033, 1034, 37]"
24,38,74.72,"[24, 1021, 1022, 1023, 1041, 1042, 1043, 1044, 1033, 1034, 1035, 38]"
24,39,74.68,"[24, 1021, 1002, 1003, 1004, 1005, 1006, 1007, 1008, 1009, 1010, 1011, 1012, 1027, 1036, 39]"
24,40,80.17999999999999,"[24, 1021, 1002, 1014, 1015, 1016, 1017, 1040, 1039, 1038, 1037, 40]"
24,41,70.60999999999999,"[24, 1021, 1002, 1014, 1015, 1016, 1017, 1040, 1039, 1038, 41]"
24,42,59.51,"[24, 1021, 1002, 1014, 1015, 1016, 1017, 1040, 1039, 42]"
24,43,50.0,"[24, 1021, 1002, 1014, 1015, 1016, 1017, 1040, 43]"
24,44,36.18,"[24, 1021, 1022, 1023, 1041, 44]"
24,45,49.660000000000004,"[24, 1021, 1022, 1023, 1041, 1042, 45]"
24,46,51.75,"[24, 1021, 1022, 1023, 1041, 1042, 1043, 46]"
24,47,64.0,"[24, 1021, 1022, 1023, 1041, 1042, 1043, 1044, 47]"
25,26,14.52,"[25, 1022, 1023, 26]"
25,27,18.16,"[25, 1022, 1023, 1024, 27]"
25,28,21.36,"[25, 1022, 1023, 1024, 1025, 28]"
25,29,27.72,"[25, 1022, 1023, 1024, 1025, 1026, 29]"
25,30,27.73,"[25, 1022, 1023, 1024, 1025, 1026, 30]"
25,31,86.09,"[25, 1022, 1021, 1002, 1003, 1004, 1005, 1006, 1007, 1008, 1009, 1010, 1011, 1012, 1027, 1028, 31]"
25,32,88.86000000000001,"[25, 1022, 1021, 1002, 1003, 1004, 1005, 1006, 1007, 1008, 1009, 1010, 1011, 1012, 1027, 1028, 1029, 32]"
25,33,88.85000000000001,"[25, 1022, 1021, 1002, 1003, 1004, 1005, 1006, 1007, 1008, 1009, 1010, 1011, 1012, 1027, 1028, 1029, 33]"
25,34,95.69,"[25, 1022, 1021, 1002, 1003, 1004, 1005, 1006, 1007, 1008, 1009, 1010, 1011, 1012, 1027, 1028, 1029, 1030, 34]"
25,35,77.18,"[25, 1022, 1021, 1002, 1003, 1004, 1005, 1006, 1007, 1008, 1009, 1010, 1011, 1012, 1031, 35]"
25,36,71.56,"[25, 1022, 1023, 1041, 1042, 1043, 1044, 1033, 1032, 36]"
25,37,59.21,"[25, 1022, 1023, 1041, 1042, 1043, 1044, 1033, 1034, 37]"
25,38,64.57,"[25, 1022, 1023, 1041, 1042, 1043, 1044, 1033, 1034, 1035, 38]"
25,39,84.83000000000001,"[25, 1022, 1021, 1002, 1003, 1004, 1005, 1006, 1007, 1008, 1009, 1010, 1011, 1012, 1027, 1036, 39]"
25,40,90.33,"[25, 1022, 1021, 1002, 1014, 1015, 1016, 1017, 1040, 1039, 1038, 1037, 40]"
25,41,80.75999999999999,"[25, 1022, 1021, 1002, 1014, 1015, 1016, 1017, 1040, 1039, 1038, 41]"
25,42,69.66,"[25, 1022, 1021, 1002, 1014, 1015, 1016, 1017, 1040, 1039, 42]"
25,43,60.15,"[25, 1022, 1021, 1002, 1014, 1015, 1016, 1017, 1040, 43]"
25,44,26.03,"[25, 1022, 1023, 1041, 44]"
25,45,39.510000000000005,"[25, 1022, 1023, 1041, 1042, 45]"
25,46,41.599999999999994,"[25, 1022, 1023, 1041, 1042, 1043, 46]"
25,47,53.85,"[25, 1022, 1023, 1041, 1042, 1043, 1044, 47]"
26,27,8.64,"[26, 1023, 1024, 27]"
26,28,11.84,"[26, 1023, 1024, 1025, 28]"
26,29,18.2,"[26, 1023, 1024, 1025, 1026, 29]"
26,30,18.21,"[26, 1023, 1024, 1025, 1026, 30]"
26,31,95.61000000000001,"[26, 1023, 1022, 1021, 1002, 1003, 1004, 1005, 1006, 1007, 1008, 1009, 1010, 1011, 1012, 1027, 1028, 31]"
26,32,98.38000000000001,"[26, 1023, 1022, 1021, 1002, 1003, 1004, 1005, 1006, 1007, 1008, 1009, 1010, 1011, 1012, 1027, 1028, 1029, 32]"
26,33,98.37,"[26, 1023, 1022, 1021, 1002, 1003, 1004, 1005, 1006, 1007, 1008, 1009, 1010, 1011, 1012, 1027, 1028, 1029, 33]"
26,34,105.21000000000001,"[26, 1023, 1022, 1021, 1002, 1003, 1004, 1005, 1006, 1007, 1008, 1009, 1010, 1011, 1012, 1027, 1028, 1029, 1030, 34]"
26,35,67.92999999999999,"[26, 1023, 1041, 1042, 1043, 1044, 1033, 1032, 1031, 35]"
26,36,62.03999999999999,"[26, 1023, 1041, 1042, 1043, 1044, 1033, 1032, 36]"
26,37,49.69,"[26, 1023, 1041, 1042, 1043, 1044, 1033, 1034, 37]"
26,38,55.05,"[26, 1023, 1041, 1042, 1043, 1044, 1033, 1034, 1035, 38]"
26,39,94.35000000000001,"[26, 1023, 1022, 1021, 1002, 1003, 1004, 1005, 1006, 1007, 1008, 1009, 1010, 1011, 1012, 1027, 1036, 39]"
26,40,99.85,"[26, 1023, 1022, 1021, 1002, 1014, 1015, 1016, 1017, 1040, 1039, 1038, 1037, 40]"
26,41,90.28,"[26, 1023, 1022, 1021, 1002, 1014, 1015, 1016, 1017, 1040, 1039, 1038, 41]"
26,42,79.17999999999999,"[26, 1023, 1022, 1021, 1002, 1014, 1015, 1016, 1017, 1040, 1039, 42]"
26,43,69.67,"[26, 1023, 1022, 1021, 1002, 1014, 1015, 1016, 1017, 1040, 43]"
26,44,16.509999999999998,"[26, 1023, 1041, 44]"
26,45,29.990000000000002,"[26, 1023, 1041, 1042, 45]"
26,46,32.08,"[26, 1023, 1041, 1042, 1043, 46]"
26,47,44.33,"[26, 1023, 1041, 1042, 1043, 1044, 47]"
27,28,8.18,"[27, 1024, 1025, 28]"
27,29,14.54,"[27, 1024, 1025, 1026, 29]"
27,30,14.549999999999999,"[27, 1024, 1025, 1026, 30]"
27,31,99.25,"[27, 1024, 1023, 1022, 1021, 1002, 1003, 1004, 1005, 1006, 1007, 1008, 1009, 1010, 1011, 1012, 1027, 1028, 31]"
27,32,102.02000000000001,"[27, 1024, 1023, 1022, 1021, 1002, 1003, 1004, 1005, 1006, 1007, 1008, 1009, 1010, 1011, 1012, 1027, 1028, 1029, 32]"
27,33,102.01,"[27, 1024, 1023, 1022, 1021, 1002, 1003, 1004, 1005, 1006, 1007, 1008, 1009, 1010, 1011, 1012, 1027, 1028, 1029, 33]"
27,34,108.85,"[27, 1024, 1023, 1022, 1021, 1002, 1003, 1004, 1005, 1006, 1007, 1008, 1009, 1010, 1011, 1012, 1027, 1028, 1029, 1030, 34]"
27,35,71.57,"[27, 1024, 1023, 1041, 1042, 1043, 1044, 1033, 1032, 1031, 35]"
27,36,65.67999999999999,"[27, 1024, 1023, 1041, 1042, 1043, 1044, 1033, 1032, 36]"
27,37,53.33,"[27, 1024, 1023, 1041, 1042, 1043, 1044, 1033, 1034, 37]"
27,38,58.69,"[27, 1024, 1023, 1041, 1042, 1043, 1044, 1033, 1034, 1035, 38]"
27,39,97.99000000000001,"[27, 1024, 1023, 1022, 1021, 1002, 1003, 1004, 1005, 1006, 1007, 1008, 1009, 1010, 1011, 1012, 1027, 1036, 39]"
27,40,103.49,"[27, 1024, 1023, 1022, 1021, 1002, 1014, 1015, 1016, 1017, 1040, 1039, 1038, 1037, 40]"
27,41,93.91999999999999,"[27, 1024, 1023, 1022, 1021, 1002, 1014, 1015, 1016, 1017, 1040, 1039, 1038, 41]"
27,42,82.82,"[27, 1024, 1023, 1022, 1021, 1002, 1014, 1015, 1016, 1017, 1040, 1039, 42]"
27,43,73.31,"[27, 1024, 1023, 1022, 1021, 1002, 1014, 1015, 1016, 1017, 1040, 43]"
27,44,20.15,"[27, 1024, 1023, 1041, 44]"
27,45,33.629999999999995,"[27, 1024, 1023, 1041, 1042, 45]"
27,46,35.72,"[27, 1024, 1023, 1041, 1042, 1043, 46]"
27,47,47.97,"[27, 1024, 1023, 1041, 1042, 1043, 1044, 47]"
28,29,11.36,"[28, 1025, 1026, 29]"
28,30,11.37,"[28, 1025, 1026, 30]"
28,31,102.45,"[28, 1025, 1024, 1023, 1022, 1021, 1002, 1003, 1004, 1005, 1006, 1007, 1008, 1009, 1010, 1011, 1012, 1027, 1028, 31]"
28,32,105.22,"[28, 1025, 1024, 1023, 1022, 1021, 1002, 1003, 1004, 1005, 1006, 1007, 1008, 1009, 1010, 1011, 1012, 1027, 1028, 1029, 32]"
28,33,105.21000000000001,"[28, 1025, 1024, 1023, 1022, 1021, 1002, 1003, 1004, 1005, 1006, 1007, 1008, 1009, 1010, 1011, 1012, 1027, 1028, 1029, 33]"
28,34,112.05000000000001,"[28, 1025, 1024, 1023, 1022, 1021, 1002, 1003, 1004, 1005, 1006, 1007, 1008, 1009, 1010, 1011, 1012, 1027, 1028, 1029, 1030, 34]"
28,35,74.77,"[28, 1025, 1024, 1023, 1041, 1042, 1043, 1044, 1033, 1032, 1031, 35]"
28,36,68.88,"[28, 1025, 1024, 1023, 1041, 1042, 1043, 1044, 1033, 1032, 36]"
28,37,56.53,"[28, 1025, 1024, 1023, 1041, 1042, 1043, 1044, 1033, 1034, 37]"
28,38,61.89,"[28, 1025, 1024, 1023, 1041, 1042, 1043, 1044, 1033, 1034, 1035, 38]"
28,39,101.19,"[28, 1025, 1024, 1023, 1022, 1021, 1002, 1003, 1004, 1005, 1006, 1007, 1008, 1009, 1010, 1011, 1012, 1027, 1036, 39]"
28,40,106.69,"[28, 1025, 1024, 1023, 1022, 1021, 1002, 1014, 1015, 1016, 1017, 1040, 1039, 1038, 1037, 40]"
28,41,97.11999999999999,"[28, 1025, 1024, 1023, 1022, 1021, 1002, 1014, 1015, 1016, 1017, 1040, 1039, 1038, 41]"
28,42,86.02,"[28, 1025, 1024, 1023, 1022, 1021, 1002, 1014, 1015, 1016, 1017, 1040, 1039, 42]"
28,43,76.50999999999999,"[28, 1025, 1024, 1023, 1022, 1021, 1002, 1014, 1015, 1016, 1017, 1040, 43]"
28,44,23.35,"[28, 1025, 1024, 1023, 1041, 44]"
28,45,36.83,"[28, 1025, 1024, 1023, 1041, 1042, 45]"
28,46,38.92,"[28, 1025, 1024, 1023, 1041, 1042, 1043, 46]"
28,47,51.17,"[28, 1025, 1024, 1023, 1041, 1042, 1043, 1044, 47]"
29,30,5.01,"[29, 1026, 30]"
29,31,108.81,"[29, 1026, 1025, 1024, 1023, 1022, 1021, 1002, 1003, 1004, 1005, 1006, 1007, 1008, 1009, 1010, 1011, 1012, 1027, 1028, 31]"
29,32,111.58000000000001,"[29, 1026, 1025, 1024, 1023, 1022, 1021, 1002, 1003, 1004, 1005, 1006, 1007, 1008, 1009, 1010, 1011, 1012, 1027, 1028, 1029, 32]"
29,33,111.57000000000001,"[29, 1026, 1025, 1024, 1023, 1022, 1021, 1002, 1003, 1004, 1005, 1006, 1007, 1008, 1009, 1010, 1011, 1012, 1027, 1028, 1029, 33]"
29,34,118.41,"[29, 1026, 1025, 1024, 1023, 1022, 1021, 1002, 1003, 1004, 1005, 1006, 1007, 1008, 1009, 1010, 1011, 1012, 1027, 1028, 1029, 1030, 34]"
29,35,81.13,"[29, 1026, 1025, 1024, 1023, 1041, 1042, 1043, 1044, 1033, 1032, 1031, 35]"
29,36,75.24,"[29, 1026, 1025, 1024, 1023, 1041, 1042, 1043, 1044, 1033, 1032, 36]"
29,37,62.89,"[29, 1026, 1025, 1024, 1023, 1041, 1042, 1043, 1044, 1033, 1034, 37]"
29,38,68.25,"[29, 1026, 1025, 1024, 1023, 1041, 1042, 1043, 1044, 1033, 1034, 1035, 38]"
29,39,107.55000000000001,"[29, 1026, 1025, 1024, 1023, 1022, 1021, 1002, 1003, 1004, 1005, 1006, 1007, 1008, 1009, 1010, 1011, 1012, 1027, 1036, 39]"
29,40,113.05,"[29, 1026, 1025, 1024, 1023, 1022, 1021, 1002, 1014, 1015, 1016, 1017, 1040, 1039, 1038, 1037, 40]"
29,41,103.47999999999999,"[29, 1026, 1025, 1024, 1023, 1022, 1021, 1002, 1014, 1015, 1016, 1017, 1040, 1039, 1038, 41]"
29,42,92.38,"[29, 1026, 1025, 1024, 1023, 1022, 1021, 1002, 1014, 1015, 1016, 1017, 1040, 1039, 42]"
29,43,82.87,"[29, 1026, 1025, 1024, 1023, 1022, 1021, 1002, 1014, 1015, 1016, 1017, 1040, 43]"
29,44,29.71,"[29, 1026, 1025, 1024, 1023, 1041, 44]"
29,45,43.19,"[29, 1026, 1025, 1024, 1023, 1041, 1042, 45]"
29,46,45.28,"[29, 1026, 1025, 1024, 1023, 1041, 1042, 1043, 46]"
29,47,57.53,"[29, 1026, 1025, 1024, 1023, 1041, 1042, 1043, 1044, 47]"
30,31,108.82000000000001,"[30, 1026, 1025, 1024, 1023, 1022, 1021, 1002, 1003, 1004, 1005, 1006, 1007, 1008, 1009, 1010, 1011, 1012, 1027, 1028, 31]"
30,32,111.59,"[30, 1026, 1025, 1024, 1023, 1022, 1021, 1002, 1003, 1004, 1005, 1006, 1007, 1008, 1009, 1010, 1011, 1012, 1027, 1028, 1029, 32]"
30,33,111.58000000000001,"[30, 1026, 1025, 1024, 1023, 1022, 1021, 1002, 1003, 1004, 1005, 1006, 1007, 1008, 1009, 1010, 1011, 1012, 1027, 1028, 1029, 33]"
30,34,118.42000000000002,"[30, 1026, 1025, 1024, 1023, 1022, 1021, 1002, 1003, 1004, 1005, 1006, 1007, 1008, 1009, 1010, 1011, 1012, 1027, 1028, 1029, 1030, 34]"
30,35,81.14,"[30, 1026, 1025, 1024, 1023, 1041, 1042, 1043, 1044, 1033, 1032, 1031, 35]"
30,36,75.25,"[30, 1026, 1025, 1024, 1023, 1041, 1042, 1043, 1044, 1033, 1032, 36]"
30,37,62.9,"[30, 1026, 1025, 1024, 1023, 1041, 1042, 1043, 1044, 1033, 1034, 37]"
30,38,68.25999999999999,"[30, 1026, 1025, 1024, 1023, 1041, 1042, 1043, 1044, 1033, 1034, 1035, 38]"
30,39,107.56,"[30, 1026, 1025, 1024, 1023, 1022, 1021, 1002, 1003, 1004, 1005, 1006, 1007, 1008, 1009, 1010, 1011, 1012, 1027, 1036, 39]"
30,40,113.06,"[30, 1026, 1025, 1024, 1023, 1022, 1021, 1002, 1014, 1015, 1016, 1017, 1040, 1039, 1038, 1037, 40]"
30,41,103.49,"[30, 1026, 1025, 1024, 1023, 1022, 1021, 1002, 1014, 1015, 1016, 1017, 1040, 1039, 1038, 41]"
30,42,92.39,"[30, 1026, 1025, 1024, 1023, 1022, 1021, 1002, 1014, 1015, 1016, 1017, 1040, 1039, 42]"
30,43,82.88,"[30, 1026, 1025, 1024, 1023, 1022, 1021, 1002, 1014, 1015, 1016, 1017, 1040, 43]"
30,44,29.72,"[30, 1026, 1025, 1024, 1023, 1041, 44]"
30,45,43.2,"[30, 1026, 1025, 1024, 1023, 1041, 1042, 45]"
30,46,45.29,"[30, 1026, 1025, 1024, 1023, 1041, 1042, 1043, 46]"
30,47,57.54,"[30, 1026, 1025, 1024, 1023, 1041, 1042, 1043, 1044, 47]"
31,32,7.75,"[31, 1028, 1029, 32]"
31,33,7.74,"[31, 1028, 1029, 33]"
31,34,14.58,"[31, 1028, 1029, 1030, 34]"
31,35,41.269999999999996,"[31, 1028, 1027, 1012, 1031, 35]"
31,36,47.16,"[31, 1028, 1027, 1012, 1031, 1032, 36]"
31,37,65.03,"[31, 1028, 1027, 1012, 1031, 1032, 1033, 1034, 37]"
31,38,70.39,"[31, 1028, 1027, 1012, 1031, 1032, 1033, 1034, 1035, 38]"
31,39,11.34,"[31, 1028, 1027, 1036, 39]"
31,40,20.75,"[31, 1028, 1027, 1036, 1037, 40]"
31,41,30.32,"[31, 1028, 1027, 1036, 1037, 1038, 41]"
31,42,41.42,"[31, 1028, 1027, 1036, 1037, 1038, 1039, 42]"
31,43,50.93,"[31, 1028, 1027, 1036, 1037, 1038, 1039, 1040, 43]"
31,44,92.69,"[31, 1028, 1027, 1012, 1031, 1032, 1033, 1044, 1043, 1042, 1041, 44]"
31,45,79.19,"[31, 1028, 1027, 1012, 1031, 1032, 1033, 1044, 1043, 1042, 45]"
31,46,77.12,"[31, 1028, 1027, 1012, 1031, 1032, 1033, 1044, 1043, 46]"
31,47,64.85,"[31, 1028, 1027, 1012, 1031, 1032, 1033, 1044, 47]"
32,33,5.01,"[32, 1029, 33]"
32,34,11.85,"[32, 1029, 1030, 34]"
32,35,44.04,"[32, 1029, 1028, 1027, 1012, 1031, 35]"
32,36,49.93,"[32, 1029, 1028, 1027, 1012, 1031, 1032, 36]"
32,37,67.8,"[32, 1029, 1028, 1027, 1012, 1031, 1032, 1033, 1034, 37]"
32,38,73.16,"[32, 1029, 1028, 1027, 1012, 1031, 1032, 1033, 1034, 1035, 38]"
32,39,14.11,"[32, 1029, 1028, 1027, 1036, 39]"
32,40,23.52,"[32, 1029, 1028, 1027, 1036, 1037, 40]"
32,41,33.09,"[32, 1029, 1028, 1027, 1036, 1037, 1038, 41]"
32,42,44.19,"[32, 1029, 1028, 1027, 1036, 1037, 1038, 1039, 42]"
32,43,53.699999999999996,"[32, 1029, 1028, 1027, 1036, 1037, 1038, 1039, 1040, 43]"
32,44,95.46000000000001,"[32, 1029, 1028, 1027, 1012, 1031, 1032, 1033, 1044, 1043, 1042, 1041, 44]"
32,45,81.96000000000001,"[32, 1029, 1028, 1027, 1012, 1031, 1032, 1033, 1044, 1043, 1042, 45]"
32,46,79.89,"[32, 1029, 1028, 1027, 1012, 1031, 1032, 1033, 1044, 1043, 46]"
32,47,67.62,"[32, 1029, 1028, 1027, 1012, 1031, 1032, 1033, 1044, 47]"
33,34,11.84,"[33, 1029, 1030, 34]"
33,35,44.03,"[33, 1029, 1028, 1027, 1012, 1031, 35]"
33,36,49.92,"[33, 1029, 1028, 1027, 1012, 1031, 1032, 36]"
33,37,67.78999999999999,"[33, 1029, 1028, 1027, 1012, 1031, 1032, 1033, 1034, 37]"
33,38,73.15,"[33, 1029, 1028, 1027, 1012, 1031, 1032, 1033, 1034, 1035, 38]"
33,39,14.1,"[33, 1029, 1028, 1027, 1036, 39]"
33,40,23.509999999999998,"[33, 1029, 1028, 1027, 1036, 1037, 40]"
33,41,33.08,"[33, 1029, 1028, 1027, 1036, 1037, 1038, 41]"
33,42,44.18,"[33, 1029, 1028, 1027, 1036, 1037, 1038, 1039, 42]"
33,43,53.69,"[33, 1029, 1028, 1027, 1036, 1037, 1038, 1039, 1040, 43]"
33,44,95.45,"[33, 1029, 1028, 1027, 1012, 1031, 1032, 1033, 1044, 1043, 1042, 1041, 44]"
33,45,81.95,"[33, 1029, 1028, 1027, 1012, 1031, 1032, 1033, 1044, 1043, 1042, 45]"
33,46,79.88,"[33, 1029, 1028, 1027, 1012, 1031, 1032, 1033, 1044, 1043, 46]"
33,47,67.61,"[33, 1029, 1028, 1027, 1012, 1031, 1032, 1033, 1044, 47]"
34,35,50.87,"[34, 1030, 1029, 1028, 1027, 1012, 1031, 35]"
34,36,56.76,"[34, 1030, 1029, 1028, 1027, 1012, 1031, 1032, 36]"
34,37,74.63,"[34, 1030, 1029, 1028, 1027, 1012, 1031, 1032, 1033, 1034, 37]"
34,38,79.99,"[34, 1030, 1029, 1028, 1027, 1012, 1031, 1032, 1033, 1034, 1035, 38]"
34,39,20.939999999999998,"[34, 1030, 1029, 1028, 1027, 1036, 39]"
34,40,30.349999999999998,"[34, 1030, 1029, 1028, 1027, 1036, 1037, 40]"
34,41,39.92,"[34, 1030, 1029, 1028, 1027, 1036, 1037, 1038, 41]"
34,42,51.02,"[34, 1030, 1029, 1028, 1027, 1036, 1037, 1038, 1039, 42]"
34,43,60.53,"[34, 1030, 1029, 1028, 1027, 1036, 1037, 1038, 1039, 1040, 43]"
34,44,102.28999999999999,"[34, 1030, 1029, 1028, 1027, 1012, 1031, 1032, 1033, 1044, 1043, 1042, 1041, 44]"
34,45,88.78999999999999,"[34, 1030, 1029, 1028, 1027, 1012, 1031, 1032, 1033, 1044, 1043, 1042, 45]"
34,46,86.72,"[34, 1030, 1029, 1028, 1027, 1012, 1031, 1032, 1033, 1044, 1043, 46]"
34,47,74.44999999999999,"[34, 1030, 1029, 1028, 1027, 1012, 1031, 1032, 1033, 1044, 47]"
35,36,10.89,"[35, 1031, 1032, 36]"
35,37,28.759999999999998,"[35, 1031, 1032, 1033, 1034, 37]"
35,38,34.120000000000005,"[35, 1031, 1032, 1033, 1034, 1035, 38]"
35,39,40.01,"[35, 1031, 1012, 1027, 1036, 39]"
35,40,49.419999999999995,"[35, 1031, 1012, 1027, 1036, 1037, 40]"
35,41,58.989999999999995,"[35, 1031, 1012, 1027, 1036, 1037, 1038, 41]"
35,42,70.09,"[35, 1031, 1012, 1027, 1036, 1037, 1038, 1039, 42]"
35,43,79.6,"[35, 1031, 1012, 1027, 1036, 1037, 1038, 1039, 1040, 43]"
35,44,56.42,"[35, 1031, 1032, 1033, 1044, 1043, 1042, 1041, 44]"
35,45,42.92,"[35, 1031, 1032, 1033, 1044, 1043, 1042, 45]"
35,46,40.85,"[35, 1031, 1032, 1033, 1044, 1043, 46]"
35,47,28.58,"[35, 1031, 1032, 1033, 1044, 47]"
36,37,22.869999999999997,"[36, 1032, 1033, 1034, 37]"
36,38,28.23,"[36, 1032, 1033, 1034, 1035, 38]"
36,39,45.9,"[36, 1032, 1031, 1012, 1027, 1036, 39]"
36,40,55.309999999999995,"[36, 1032, 1031, 1012, 1027, 1036, 1037, 40]"
36,41,64.88,"[36, 1032, 1031, 1012, 1027, 1036, 1037, 1038, 41]"
36,42,75.97999999999999,"[36, 1032, 1031, 1012, 1027, 1036, 1037, 1038, 1039, 42]"
36,43,85.49000000000001,"[36, 1032, 1031, 1012, 1027, 1036, 1037, 1038, 1039, 1040, 43]"
36,44,50.53,"[36, 1032, 1033, 1044, 1043, 1042, 1041, 44]"
36,45,37.03,"[36, 1032, 1033, 1044, 1043, 1042, 45]"
36,46,34.96,"[36, 1032, 1033, 1044, 1043, 46]"
36,47,22.689999999999998,"[36, 1032, 1033, 1044, 47]"
37,38,10.379999999999999,"[37, 1034, 1035, 38]"
37,39,63.769999999999996,"[37, 1034, 1033, 1032, 1031, 1012, 1027, 1036, 39]"
37,40,73.17999999999999,"[37, 1034, 1033, 1032, 1031, 1012, 1027, 1036, 1037, 40]"
37,41,82.75,"[37, 1034, 1033, 1032, 1031, 1012, 1027, 1036, 1037, 1038, 41]"
37,42,93.85,"[37, 1034, 1033, 1032, 1031, 1012, 1027, 1036, 1037, 1038, 1039, 42]"
37,43,103.36,"[37, 1034, 1033, 1032, 1031, 1012, 1027, 1036, 1037, 1038, 1039, 1040, 43]"
37,44,38.18,"[37, 1034, 1033, 1044, 1043, 1042, 1041, 44]"
37,45,24.68,"[37, 1034, 1033, 1044, 1043, 1042, 45]"
37,46,22.61,"[37, 1034, 1033, 1044, 1043, 46]"
37,47,10.34,"[37, 1034, 1033, 1044, 47]"
38,39,69.13,"[38, 1035, 1034, 1033, 1032, 1031, 1012, 1027, 1036, 39]"
38,40,78.53999999999999,"[38, 1035, 1034, 1033, 1032, 1031, 1012, 1027, 1036, 1037, 40]"
38,41,88.11,"[38, 1035, 1034, 1033, 1032, 1031, 1012, 1027, 1036, 1037, 1038, 41]"
38,42,99.21,"[38, 1035, 1034, 1033, 1032, 1031, 1012, 1027, 1036, 1037, 1038, 1039, 42]"
38,43,108.72,"[38, 1035, 1034, 1033, 1032, 1031, 1012, 1027, 1036, 1037, 1038, 1039, 1040, 43]"
38,44,43.54,"[38, 1035, 1034, 1033, 1044, 1043, 1042, 1041, 44]"
38,45,30.04,"[38, 1035, 1034, 1033, 1044, 1043, 1042, 45]"
38,46,27.97,"[38, 1035, 1034, 1033, 1044, 1043, 46]"
38,47,15.7,"[38, 1035, 1034, 1033, 1044, 47]"
39,40,14.41,"[39, 1036, 1037, 40]"
39,41,23.98,"[39, 1036, 1037, 1038, 41]"
39,42,35.08,"[39, 1036, 1037, 1038, 1039, 42]"
39,43,44.589999999999996,"[39, 1036, 1037, 1038, 1039, 1040, 43]"
39,44,91.43,"[39, 1036, 1027, 1012, 1031, 1032, 1033, 1044, 1043, 1042, 1041, 44]"
39,45,77.93,"[39, 1036, 1027, 1012, 1031, 1032, 1033, 1044, 1043, 1042, 45]"
39,46,75.86,"[39, 1036, 1027, 1012, 1031, 1032, 1033, 1044, 1043, 46]"
39,47,63.589999999999996,"[39, 1036, 1027, 1012, 1031, 1032, 1033, 1044, 47]"
40,41,14.57,"[40, 1037, 1038, 41]"
40,42,25.67,"[40, 1037, 1038, 1039, 42]"
40,43,35.18,"[40, 1037, 1038, 1039, 1040, 43]"
40,44,100.84,"[40, 1037, 1036, 1027, 1012, 1031, 1032, 1033, 1044, 1043, 1042, 1041, 44]"
40,45,87.34,"[40, 1037, 1036, 1027, 1012, 1031, 1032, 1033, 1044, 1043, 1042, 45]"
40,46,85.27,"[40, 1037, 1036, 1027, 1012, 1031, 1032, 1033, 1044, 1043, 46]"
40,47,73.0,"[40, 1037, 1036, 1027, 1012, 1031, 1032, 1033, 1044, 47]"
41,42,16.1,"[41, 1038, 1039, 42]"
41,43,25.61,"[41, 1038, 1039, 1040, 43]"
41,44,101.78999999999999,"[41, 1038, 1039, 1040, 1017, 1016, 1015, 1014, 1002, 1021, 1022, 1023, 1041, 44]"
41,45,96.91,"[41, 1038, 1037, 1036, 1027, 1012, 1031, 1032, 1033, 1044, 1043, 1042, 45]"
41,46,94.83999999999999,"[41, 1038, 1037, 1036, 1027, 1012, 1031, 1032, 1033, 1044, 1043, 46]"
41,47,82.57,"[41, 1038, 1037, 1036, 1027, 1012, 1031, 1032, 1033, 1044, 47]"
42,43,14.51,"[42, 1039, 1040, 43]"
42,44,90.69,"[42, 1039, 1040, 1017, 1016, 1015, 1014, 1002, 1021, 1022, 1023, 1041, 44]"
42,45,104.16999999999999,"[42, 1039, 1040, 1017, 1016, 1015, 1014, 1002, 1021, 1022, 1023, 1041, 1042, 45]"
42,46,105.94,"[42, 1039, 1038, 1037, 1036, 1027, 1012, 1031, 1032, 1033, 1044, 1043, 46]"
42,47,93.66999999999999,"[42, 1039, 1038, 1037, 1036, 1027, 1012, 1031, 1032, 1033, 1044, 47]"
43,44,81.18,"[43, 1040, 1017, 1016, 1015, 1014, 1002, 1021, 1022, 1023, 1041, 44]"
43,45,94.66,"[43, 1040, 1017, 1016, 1015, 1014, 1002, 1021, 1022, 1023, 1041, 1042, 45]"
43,46,96.75,"[43, 1040, 1017, 1016, 1015, 1014, 1002, 1021, 1022, 1023, 1041, 1042, 1043, 46]"
43,47,103.18,"[43, 1040, 1039, 1038, 1037, 1036, 1027, 1012, 1031, 1032, 1033, 1044, 47]"
44,45,18.48,"[44, 1041, 1042, 45]"
44,46,20.57,"[44, 1041, 1042, 1043, 46]"
44,47,32.82,"[44, 1041, 1042, 1043, 1044, 47]"
45,46,7.07,"[45, 1042, 1043, 46]"
45,47,19.32,"[45, 1042, 1043, 1044, 47]"
46,47,17.25,"[46, 1043, 1044, 47]"
