Room_ID,Room_Name
1,Front Gate
2,Reception
3,Discussion room
4,Staircase
5,Waiting room
6,Admission office AB 026
7,Trustee
8,Chancelor
9,Secretary to VC
10,Vice president
11,Vice chancellor
12,Discussion room
13,Conference room - Sangam
14,Main Audi AB012
15,Back Gate
16,Ab 001
17,Ab 002
18,ATM
19,Ab 003
20,Ab 005 electrical panel
21,Staircase
22,Ab 004
23,Lift
24,Ab 025
25,Ab 024
26,Ab 023
27,Ab 021
28,Staircase
29,Ab 022 cabins
30,Lift
31,Audi door
32,Ab011 music room
33,Stair
34,Audi backdoor
35,Lift
36,Ab013 board room
37,Ab014 audi 2
38,Stairs
39,Ab015 dsw office
40,AB-010
41,AB009 A - Boys Restroom
42,AB009 B - Boys Restroom
43,AB008 Storage
44,AB007 Computer Studio - 1
45,AB006 Bank
46,AB019 Cabin
47,AB018 B - Gents Washroom
48,AB018 A - Ladies Washroom
49,AB017 Cabin
