Connection_ID,Connection_Name
1001,RT
1002,Junction_1
1003,DRFT
1004,ST
1005,WT
1006,AB026T
1007,TT
1008,CT
1009,SVCT
1010,VPVCT
1011,DRBCRT
1012,Junction_2
1013,AUDIT
1014,AB001T
1015,AB002T
1016,ATMT
1017,Junction_4
1018,AB005T
1019,SLT
1020,AB004LT
1021,AB025T
1022,AB024T
1023,Junction_3
1024,AB021T
1025,SRT
1026,AB022LT
1027,Junction_6
1028,AB011T
1029,ABST
1030,LT
1031,AB013BT
1032,AB014T
1033,Junction_5
1034,ST
1035,AB015T
1036,AB010T
1037,AB009T
1038,AB008T
1039,AB007T
1040,AB006T
1041,AB019T
1042,AB018BT
1043,AB018AT
1044,AB017T
