Room_ID,Time_s,Matched_Step,Brightness,Direction,Trajectory_X,Trajectory_Y,Trajectory_X_rot,Trajectory_Y_rot,Coords_X_rot,Coords_Y_rot,Coords_X,Coords_Y,Door_X_rot,Door_Y_rot,Door_X,Door_Y,Path_ID
Main Audi AB012,9.005,12,0.1220472455024719,Right,-52.3,7.58,-15.91,50.39,-18.28,49.62,-52.63,5.11,-17.23,49.96,-52.48,6.2,BGFG
Conference room - Sangam,16.009,24,0.8897637724876404,Left (Both),-45.99,6.46,-14.18,44.22,-11.78,44.93,-45.58,8.92,-12.83,44.62,-45.76,7.83,BGFG
Discussion room,16.009,24,0.8897637724876404,Right (Both),-45.99,6.46,-14.18,44.22,-16.58,43.51,-46.39,3.99,-15.48,43.51,-45.29,3.99,BGFG
Vice chancellor,24.016000244140624,39,0.0590551197528839,Left (Both),-37.19,5.29,-11.4,35.79,-9.03,36.59,-36.87,7.77,-10.07,36.24,-37.01,6.68,BGFG
Vice president,24.016000244140624,39,0.0590551197528839,Right (Both),-37.19,5.29,-11.4,35.79,-13.77,35.0,-37.5,2.81,-12.73,35.35,-37.36,3.9,BGFG
Secretary to VC,28.017,46,0.8464567065238953,Left,-33.47,4.75,-10.27,32.21,-7.91,33.03,-33.18,7.23,-8.95,32.67,-33.31,6.14,BGFG
Chancelor,35.022,59,0.0669291317462921,Right,-25.93,4.18,-7.51,25.17,-9.83,24.24,-26.11,1.68,-8.81,24.65,-26.03,2.78,BGFG
Trustee,38.022,64,0.8700787425041199,Right,-22.9,3.84,-6.5,22.29,-8.85,21.43,-23.14,1.35,-7.82,21.81,-23.03,2.44,BGFG
Admission office AB 026,39.023,66,0.0905511826276779,Left,-21.72,3.68,-6.13,21.16,-3.76,21.94,-21.39,6.16,-4.8,21.6,-21.54,5.07,BGFG
Waiting room,41.026,69,0.9015747904777528,Left,-20.03,3.49,-5.57,19.56,-3.19,20.34,-19.71,5.97,-4.24,20.0,-19.85,4.88,BGFG
Staircase,44.027,74,0.0551181100308895,Right,-17.06,3.11,-4.62,16.72,-7.0,15.95,-17.41,0.63,-5.95,16.29,-17.26,1.72,BGFG
Reception,56.046,96,0.078740157186985,Right,-4.39,1.0,-1.01,4.39,-3.36,3.56,-4.66,-1.48,-2.32,3.93,-4.54,-0.39,BGFG
Lift,9.006999755859376,10,0.0984251946210861,Left (Both),5.65,-0.27,-44.13,-1.770000000000001,-45.05,0.5499999999999989,5.66,2.23,-44.64,-0.47,5.66,1.13,DLHB
Ab 004,9.006999755859376,10,0.0984251946210861,Right (Both),5.65,-0.27,-44.13,-1.770000000000001,-43.21,-4.100000000000001,5.64,-2.77,-43.61,-3.08,5.64,-1.67,DLHB
Staircase,13.012,17,0.8385826945304871,Left,9.6,-0.51,-40.38,-0.5300000000000011,-40.99,1.8899999999999988,9.93,1.97,-40.72,0.82,9.78,0.88,DLHB
Ab 005 electrical panel,17.014,24,0.1023622080683708,Left,13.73,-0.82,-36.42999999999999,0.7199999999999989,-37.29,3.0699999999999994,13.8,1.68,-36.91,2.04,13.77,0.58,DLHB
Ab 003,21.016,31,0.874015748500824,Right,17.77,-1.01,-32.61,2.039999999999999,-31.86,-0.3400000000000012,17.58,-3.5,-32.19,0.71,17.66,-2.4,DLHB
ATM,26.025,40,0.1299212574958801,Left,23.01,-1.29,-27.64,3.729999999999999,-28.58,6.049999999999999,23.0,1.21,-28.17,5.03,23.0,0.11,DLHB
Ab 002,31.022,49,0.8818897604942322,Right,28.43,-1.73,-22.44,5.34,-21.83,2.919999999999999,28.1,-4.2,-22.1,3.99,28.25,-3.11,DLHB
Ab 001,39.033,64,0.1023622080683708,Right,37.61,-2.34,-13.689999999999998,8.18,-12.839999999999996,5.829999999999998,37.53,-4.83,-13.21,6.86,37.57,-3.73,DLHB
Discussion room,47.038,78,0.8897637724876404,Left,45.42,-3.37,-6.059999999999995,10.13,-6.68,12.55,45.74,-0.89,-5.58,12.55,46.84,-0.89,DLHB
Ab 025,59.046999755859375,99,0.0866141766309738,Right,57.3,-6.51,6.140000000000001,11.62,6.200000000000003,9.12,56.43,-8.86,6.17,10.22,56.81,-7.83,DLHB
Ab 024,68.04699975585937,116,0.8976377844810486,Right,66.97,-9.58,16.259999999999998,12.37,16.580000000000005,9.89,66.35,-12.0,16.44,10.98,66.62,-10.93,DLHB
Ab 023,77.057,132,0.0708661451935768,Right,76.23,-11.8,25.68,13.75,26.09,11.28,75.7,-14.24,25.91,12.37,75.93,-13.17,DLHB
Ab 021,80.05900024414062,138,0.9015747904777528,Left,79.82,-12.51,29.270000000000003,14.419999999999998,28.750000000000007,16.86,80.24,-10.05,28.98,15.78,80.05,-11.13,DLHB
Staircase,MANUAL,143,MANUAL,Left,82.94,-13.19,32.42000000000001,14.95,32.00000000000001,17.41,83.46,-10.75,32.19,16.33,83.23,-11.83,DLHB
Lift,MANUAL,154,MANUAL,Left (Both),89.21,-14.26,38.64000000000001,16.279999999999998,38.07,18.72,89.58,-11.79,38.32,17.65,89.42,-12.88,DLHB
Ab 022 cabins,MANUAL,154,MANUAL,Right (Both),89.21,-14.26,38.64000000000001,16.279999999999998,39.21,13.849999999999998,88.84,-16.73,38.96,14.92,89.0,-15.64,DLHB
Front Gate,MANUAL,1,MANUAL,,0.0,0.0,0.0,0.0,0.0,0.0,0.0,0.0,0.0,0.0,0.0,0.0,BGFG
Back Gate,MANUAL,1,MANUAL,,-58.28,8.4,-17.77,56.14,-17.77,56.14,-58.28,8.4,-17.77,56.14,-58.28,8.4,BGFG
AB017 Cabin,8.001,4,0.9094488024711608,Right,2.8,-0.17,19.44,52.12,17.17,51.1,2.65,-2.66,18.17,51.55,2.72,-1.56,AB017
AB018 B - Gents Washroom,20.009999755859376,24,0.4448818862438202,Left,16.99,-2.25,24.17,38.58,26.54,39.35,17.4,0.22,25.49,39.01,17.22,-0.87,AB017
AB019 Cabin,34.023,43,0.8543307185173035,Left,34.01,-7.52,26.23,25.25,28.72,25.42,35.01,-5.23,27.62,25.35,34.57,-6.24,AB017
AB018 A - Ladies Washroom,MANUAL,21,MANUAL,Left,14.94,-1.86,23.56,40.57,25.95,41.32,15.38,0.6,24.9,40.99,15.19,-0.48,AB017
Lift,8.004999755859375,8,0.3503937125205993,Right,5.6,0.06,-47.28,48.81,-47.54,46.32,5.63,-2.44,-47.43,47.41,5.62,-1.34,AUDI
Audi backdoor,15.01,18,0.8543307185173035,Left (Both),12.44,0.43,-40.45,48.44,-40.26,50.93,12.36,2.93,-40.34,49.83,12.4,1.83,AUDI
Stair,15.01,18,0.8543307185173035,Right (Both),12.44,0.43,-40.45,48.44,-40.64,45.94,12.52,-2.07,-40.56,47.04,12.48,-0.97,AUDI
Ab011 music room,17.011,22,0.4055117964744568,Right,15.18,0.56,-37.71,48.26,-37.83,45.77,15.33,-1.93,-37.78,46.87,15.26,-0.83,AUDI
Audi door,27.019,37,0.1968503892421722,Left,25.02,1.11,-27.87,47.73,-27.72,50.22,24.89,3.6,-27.79,49.12,24.95,2.5,AUDI
Ab013 board room,57.047,78,0.7204724550247192,Left,51.07,5.51,-1.5,49.25,-2.01,51.7,50.29,7.89,-1.79,50.62,50.63,6.84,AUDI
Ab014 audi 2,63.05,87,0.1456692963838577,Left,56.58,7.58,4.21,50.71,3.42,53.08,55.53,9.85,3.77,52.04,55.99,8.85,AUDI
Stairs,82.064,114,0.2637795209884643,Right,73.21,14.11,21.45,55.38,22.14,52.97,74.16,11.8,21.84,54.03,73.74,12.82,AUDI
Ab015 dsw office,87.067,122,0.8267716765403748,Left,78.09,16.33,26.55,57.04,25.65,59.38,76.94,18.55,26.04,58.35,77.45,17.57,AUDI
AB-010,4.0,5,0.062992125749588,Left,3.26,0.04,-34.66,45.73,-32.31,44.88,3.28,2.54,-33.34,45.25,3.27,1.44,BANK
AB009 A - Boys Restroom,12.006999755859376,18,0.5629921555519104,Right,12.44,1.05,-36.4,36.48,-38.86,36.94,12.82,-1.42,-37.78,36.74,12.65,-0.33,BANK
AB009 B - Boys Restroom,MANUAL,21,MANUAL,Right,14.58,1.25,-36.78,34.29,-39.21,34.89,14.82,-1.24,-38.14,34.63,14.71,-0.15,BANK
AB008 Storage,19.014,31,0.8700787425041199,Right,21.57,1.99,-37.76,27.01,-40.24,27.34,22.07,-0.46,-39.15,27.19,21.85,0.62,BANK
AB007 Computer Studio - 1,29.024,46,0.2283464521169662,Right,30.97,5.39,-36.25,16.01,-38.74,15.78,32.01,3.12,-37.64,15.88,31.55,4.12,BANK
AB006 Bank,36.03,58,0.7716535329818726,Left,38.32,8.92,-33.82,6.82,-31.33,7.09,37.26,11.18,-32.42,6.97,37.73,10.18,BANK
