Step,Seconds_Elapsed,Stride_Length_m,Speed_m_s,Cumulative_Distance_m,X_m,Y_m,Magnetic_Heading_deg,Gyro_Heading_deg,Gyro_Heading_Unwrapped_deg,Heading_Change_deg,Gyro_Rate_rad_s,Cadence_Adaptive_Constant_K,X_rot,Y_rot,Path_ID,Is_Intersection,Intersection_ID,Connected_Path,Connected_Step
1,2.99,0.429,0.731,0.43,-58.28,8.4,154.23,349.6,-10.4,0.0,0.088,0.446,-17.77,56.14,BGFG,False,,,
2,3.58,0.499,0.849,0.93,-57.78,8.35,149.82,353.9,-6.1,4.3,0.675,0.446,-17.6,55.66,BGFG,False,,,
3,4.21,0.476,0.759,1.4,-57.31,8.3,149.81,354.4,-5.6,0.5,-0.306,0.446,-17.44,55.22,BGFG,False,,,
4,4.8,0.554,0.943,1.96,-56.76,8.26,154.25,355.7,-4.3,1.4,0.405,0.446,-17.24,54.71,BGFG,False,,,
5,5.35,0.505,0.908,2.46,-56.25,8.2,158.49,352.8,-7.2,-2.9,-0.652,0.446,-17.07,54.22,BGFG,False,,,
6,5.93,0.573,0.988,3.04,-55.69,8.12,162.42,351.9,-8.1,-0.9,0.223,0.446,-16.9,53.68,BGFG,False,,,
7,6.46,0.612,1.167,3.65,-55.09,8.0,163.21,349.3,-10.7,-2.6,-0.247,0.446,-16.75,53.09,BGFG,False,,,
8,7.04,0.536,0.912,4.18,-54.56,7.92,161.9,351.2,-8.8,1.9,0.336,0.446,-16.59,52.58,BGFG,False,,,
9,7.57,0.586,1.119,4.77,-53.98,7.81,161.42,349.3,-10.7,-2.0,-0.498,0.446,-16.44,52.01,BGFG,False,,,
10,8.12,0.566,1.018,5.34,-53.42,7.73,159.41,351.1,-8.9,1.8,0.272,0.446,-16.26,51.47,BGFG,False,,,
11,8.69,0.56,0.993,5.9,-52.87,7.66,155.13,353.4,-6.6,2.3,-0.264,0.446,-16.09,50.94,BGFG,False,,,
12,9.24,0.572,1.03,6.47,-52.3,7.58,154.52,352.3,-7.7,-1.2,0.147,0.446,-15.91,50.39,BGFG,False,,,
13,9.75,0.591,1.162,7.06,-51.71,7.49,154.94,351.1,-8.9,-1.1,-0.554,0.446,-15.74,49.82,BGFG,False,,,
14,10.31,0.506,0.911,7.56,-51.21,7.43,152.11,352.8,-7.2,1.7,0.139,0.446,-15.57,49.35,BGFG,False,,,
15,10.83,0.553,1.055,8.12,-50.66,7.35,152.52,352.0,-8.0,-0.8,-0.631,0.446,-15.41,48.82,BGFG,False,,,
16,11.37,0.501,0.929,8.62,-50.17,7.29,151.03,352.6,-7.4,0.6,0.278,0.446,-15.25,48.35,BGFG,False,,,
17,11.96,0.515,0.877,9.13,-49.66,7.2,152.98,349.5,-10.5,-3.1,-0.479,0.446,-15.11,47.84,BGFG,True,Junction_2,AUDI,58
18,12.5,0.57,1.056,9.71,-49.1,7.09,152.1,349.7,-10.3,0.2,0.154,0.446,-14.96,47.3,BGFG,False,,,
19,13.05,0.522,0.94,10.23,-48.59,6.98,155.84,347.6,-12.4,-2.1,-0.488,0.446,-14.84,46.79,BGFG,False,,,
20,13.66,0.463,0.767,10.69,-48.13,6.9,155.02,349.9,-10.1,2.3,0.435,0.446,-14.71,46.34,BGFG,False,,,
21,14.21,0.533,0.959,11.22,-47.61,6.78,155.7,347.3,-12.7,-2.6,-0.253,0.446,-14.59,45.82,BGFG,False,,,
22,14.75,0.572,1.06,11.8,-47.05,6.67,153.68,348.9,-11.1,1.6,0.211,0.446,-14.45,45.27,BGFG,False,,,
23,15.31,0.556,1.0,12.35,-46.51,6.54,156.55,346.5,-13.5,-2.4,-0.214,0.446,-14.33,44.73,BGFG,False,,,
24,15.88,0.529,0.925,12.88,-45.99,6.46,155.69,350.7,-9.3,4.2,0.278,0.446,-14.18,44.22,BGFG,False,,,
25,16.42,0.563,1.042,13.44,-45.44,6.33,162.92,347.2,-12.8,-3.5,-0.496,0.446,-14.06,43.67,BGFG,False,,,
26,16.99,0.618,1.08,14.06,-44.84,6.2,165.34,347.9,-12.1,0.7,0.602,0.446,-13.91,43.08,BGFG,False,,,
27,17.52,0.595,1.135,14.66,-44.25,6.1,165.52,350.5,-9.5,2.6,-0.272,0.446,-13.74,42.5,BGFG,False,,,
28,18.06,0.592,1.095,15.25,-43.66,6.04,164.69,353.5,-6.5,3.0,0.535,0.446,-13.54,41.94,BGFG,False,,,
29,18.6,0.565,1.045,15.81,-43.1,5.95,167.85,351.4,-8.6,-2.1,-0.281,0.446,-13.38,41.4,BGFG,False,,,
30,19.17,0.522,0.913,16.34,-42.58,5.89,165.64,352.9,-7.1,1.5,0.393,0.446,-13.21,40.91,BGFG,False,,,
31,19.7,0.562,1.072,16.9,-42.03,5.81,165.35,352.3,-7.7,-0.6,-0.326,0.446,-13.04,40.38,BGFG,False,,,
32,20.24,0.595,1.102,17.49,-41.44,5.74,164.28,353.1,-6.9,0.8,0.547,0.446,-12.85,39.81,BGFG,False,,,
33,20.76,0.587,1.121,18.08,-40.85,5.67,166.29,353.2,-6.8,0.1,-0.223,0.446,-12.65,39.25,BGFG,False,,,
34,21.35,0.568,0.966,18.65,-40.29,5.61,170.73,353.8,-6.2,0.6,0.422,0.446,-12.46,38.72,BGFG,False,,,
35,21.87,0.647,1.234,19.3,-39.64,5.54,174.34,354.0,-6.0,0.2,-0.191,0.446,-12.24,38.11,BGFG,False,,,
36,22.44,0.57,1.011,19.87,-39.08,5.51,176.45,356.4,-3.6,2.5,0.429,0.446,-12.03,37.59,BGFG,False,,,
37,22.97,0.643,1.209,20.51,-38.44,5.44,176.59,354.1,-5.9,-2.3,-0.446,0.446,-11.81,36.98,BGFG,False,,,
38,23.51,0.623,1.154,21.13,-37.82,5.37,175.97,353.9,-6.1,-0.2,0.045,0.446,-11.61,36.39,BGFG,False,,,
39,24.06,0.632,1.138,21.77,-37.19,5.29,177.21,352.7,-7.3,-1.2,-0.245,0.446,-11.4,35.79,BGFG,False,,,
40,24.62,0.626,1.125,22.39,-36.57,5.22,179.31,352.9,-7.1,0.2,-0.269,0.446,-11.2,35.2,BGFG,False,,,
41,25.18,0.405,0.729,22.8,-36.17,5.15,183.07,350.1,-9.9,-2.8,-0.889,0.446,-11.09,34.81,BGFG,False,,,
42,25.72,0.597,1.104,23.39,-35.58,5.06,184.43,351.4,-8.6,1.2,0.15,0.446,-10.91,34.24,BGFG,False,,,
43,26.26,0.495,0.916,23.89,-35.09,4.97,184.45,349.8,-10.2,-1.5,-0.645,0.446,-10.78,33.76,BGFG,False,,,
44,26.81,0.548,0.987,24.44,-34.55,4.9,180.59,352.6,-7.4,2.8,0.059,0.446,-10.61,33.24,BGFG,False,,,
45,27.4,0.52,0.884,24.96,-34.03,4.81,179.61,350.5,-9.5,-2.1,-0.646,0.446,-10.46,32.74,BGFG,False,,,
46,27.93,0.57,1.07,25.53,-33.47,4.75,174.03,353.4,-6.6,2.9,0.178,0.446,-10.27,32.21,BGFG,False,,,
47,28.51,0.514,0.887,26.04,-32.96,4.67,174.25,350.9,-9.1,-2.6,-0.549,0.446,-10.12,31.71,BGFG,False,,,
48,29.09,0.491,0.848,26.53,-32.48,4.59,173.71,351.1,-8.9,0.2,0.36,0.446,-9.99,31.25,BGFG,False,,,
49,29.63,0.507,0.939,27.04,-31.98,4.51,172.66,350.6,-9.4,-0.5,-0.437,0.446,-9.84,30.76,BGFG,False,,,
50,30.2,0.562,0.996,27.6,-31.42,4.45,168.96,353.9,-6.1,3.3,0.578,0.446,-9.65,30.23,BGFG,False,,,
51,30.72,0.627,1.197,28.23,-30.79,4.41,164.55,356.8,-3.2,2.9,-0.33,0.446,-9.41,29.65,BGFG,False,,,
52,31.31,0.548,0.92,28.77,-30.24,4.37,164.34,355.8,-4.2,-1.1,0.317,0.446,-9.21,29.13,BGFG,False,,,
53,31.86,0.613,1.12,29.39,-29.63,4.33,164.57,356.2,-3.8,0.4,-0.318,0.446,-8.98,28.57,BGFG,False,,,
54,32.39,0.602,1.131,29.99,-29.03,4.33,159.25,359.6,-0.4,3.4,0.285,0.446,-8.72,28.03,BGFG,False,,,
55,32.96,0.606,1.075,30.6,-28.42,4.31,160.69,357.7,-2.3,-1.9,-0.426,0.446,-8.47,27.47,BGFG,False,,,
56,33.51,0.627,1.128,31.22,-27.8,4.29,159.66,358.7,-1.3,1.0,0.18,0.446,-8.22,26.9,BGFG,False,,,
57,34.06,0.605,1.103,31.83,-27.19,4.25,161.21,355.8,-4.2,-2.9,-0.462,0.446,-7.99,26.33,BGFG,False,,,
58,34.6,0.664,1.248,32.49,-26.53,4.22,158.24,357.8,-2.2,2.0,0.193,0.446,-7.73,25.73,BGFG,False,,,
59,35.15,0.607,1.091,33.1,-25.93,4.18,157.98,355.8,-4.2,-2.0,-0.5,0.446,-7.51,25.17,BGFG,False,,,
60,35.75,0.572,0.96,33.67,-25.36,4.12,157.76,354.4,-5.6,-1.4,0.167,0.446,-7.32,24.63,BGFG,False,,,
61,36.33,0.619,1.069,34.29,-24.74,4.02,156.57,351.1,-8.9,-3.3,-0.215,0.446,-7.14,24.03,BGFG,False,,,
62,36.91,0.592,1.007,34.88,-24.15,3.97,152.04,354.9,-5.1,3.9,0.384,0.446,-6.92,23.47,BGFG,False,,,
63,37.45,0.661,1.243,35.54,-23.5,3.89,152.63,353.2,-6.8,-1.8,-0.401,0.446,-6.71,22.85,BGFG,False,,,
64,38.04,0.603,1.012,36.15,-22.9,3.84,148.66,354.4,-5.6,1.3,0.264,0.446,-6.5,22.29,BGFG,False,,,
65,38.61,0.611,1.068,36.76,-22.29,3.75,147.89,352.3,-7.7,-2.2,-0.403,0.446,-6.31,21.7,BGFG,False,,,
66,39.2,0.582,0.99,37.34,-21.72,3.68,143.96,352.5,-7.5,0.3,0.354,0.446,-6.13,21.16,BGFG,False,,,
67,39.77,0.52,0.909,37.86,-21.2,3.62,143.2,353.7,-6.3,1.2,-0.402,0.446,-5.96,20.67,BGFG,False,,,
68,40.35,0.617,1.079,38.48,-20.59,3.56,146.22,354.3,-5.7,0.6,0.502,0.446,-5.75,20.09,BGFG,False,,,
69,40.93,0.563,0.957,39.04,-20.03,3.49,150.92,352.6,-7.4,-1.7,-0.21,0.446,-5.57,19.56,BGFG,False,,,
70,41.5,0.603,1.056,39.64,-19.43,3.41,156.1,352.6,-7.4,0.0,0.304,0.446,-5.38,18.98,BGFG,False,,,
71,42.06,0.62,1.115,40.26,-18.81,3.33,159.21,353.0,-7.0,0.4,-0.25,0.446,-5.18,18.39,BGFG,False,,,
72,42.65,0.581,0.988,40.84,-18.24,3.27,160.84,353.8,-6.2,0.7,0.526,0.446,-4.99,17.85,BGFG,False,,,
73,43.23,0.582,1.004,41.42,-17.66,3.19,164.29,352.3,-7.7,-1.4,-0.163,0.446,-4.81,17.29,BGFG,False,,,
74,43.79,0.61,1.081,42.03,-17.06,3.11,165.28,351.9,-8.1,-0.4,0.419,0.446,-4.62,16.72,BGFG,False,,,
75,44.39,0.588,0.987,42.62,-16.47,3.04,165.11,352.9,-7.1,1.0,-0.36,0.446,-4.42,16.15,BGFG,False,,,
76,44.94,0.581,1.044,43.2,-15.9,2.92,170.46,349.0,-11.0,-4.0,0.475,0.446,-4.28,15.59,BGFG,False,,,
77,45.52,0.514,0.899,43.72,-15.4,2.82,171.68,348.1,-11.9,-0.8,-0.323,0.446,-4.16,15.09,BGFG,False,,,
78,46.08,0.511,0.907,44.23,-14.91,2.69,175.21,345.0,-15.0,-3.2,0.447,0.446,-4.06,14.6,BGFG,False,,,
79,46.64,0.515,0.926,44.74,-14.41,2.55,175.37,345.2,-14.8,0.2,-0.437,0.446,-3.97,14.09,BGFG,False,,,
80,47.19,0.545,0.981,45.29,-13.88,2.44,171.91,347.4,-12.6,2.2,0.039,0.446,-3.84,13.56,BGFG,False,,,
81,47.78,0.563,0.958,45.85,-13.33,2.32,170.91,347.9,-12.1,0.6,-0.226,0.446,-3.71,13.01,BGFG,False,,,
82,48.31,0.599,1.126,46.45,-12.74,2.21,167.25,349.6,-10.4,1.6,0.358,0.446,-3.55,12.43,BGFG,False,,,
83,48.86,0.603,1.1,47.05,-12.14,2.1,167.11,349.3,-10.7,-0.3,-0.348,0.446,-3.39,11.85,BGFG,False,,,
84,49.42,0.606,1.09,47.66,-11.55,1.99,165.16,350.2,-9.8,0.9,0.502,0.446,-3.23,11.27,BGFG,False,,,
85,49.99,0.588,1.014,48.25,-10.97,1.88,165.77,349.2,-10.8,-1.0,-0.368,0.446,-3.0799999999999983,10.7,BGFG,True,Junction_1,DLHB,83
86,50.54,0.618,1.128,48.86,-10.36,1.78,162.73,350.1,-9.9,0.9,0.556,0.446,-2.9,10.1,BGFG,False,,,
87,51.12,0.585,1.009,49.45,-9.78,1.68,158.76,350.8,-9.2,0.7,-0.276,0.446,-2.74,9.54,BGFG,False,,,
88,51.68,0.587,1.055,50.04,-9.2,1.61,155.35,352.6,-7.4,1.8,0.595,0.446,-2.55,8.98,BGFG,False,,,
89,52.2,0.659,1.257,50.7,-8.55,1.51,156.47,351.1,-8.9,-1.5,-0.385,0.446,-2.36,8.36,BGFG,False,,,
90,52.75,0.596,1.086,51.29,-7.96,1.43,157.24,352.4,-7.6,1.3,0.232,0.446,-2.17,7.79,BGFG,False,,,
91,53.32,0.62,1.1,51.91,-7.35,1.34,159.17,351.8,-8.2,-0.6,-0.312,0.446,-1.99,7.2,BGFG,False,,,
92,53.88,0.612,1.085,52.52,-6.74,1.27,158.85,353.7,-6.3,1.9,0.412,0.446,-1.79,6.62,BGFG,False,,,
93,54.42,0.589,1.091,53.11,-6.15,1.2,158.63,353.3,-6.7,-0.4,-0.219,0.446,-1.59,6.06,BGFG,False,,,
94,54.98,0.555,0.998,53.67,-5.6,1.15,157.41,354.8,-5.2,1.5,0.307,0.446,-1.4,5.54,BGFG,False,,,
95,55.54,0.613,1.087,54.28,-4.99,1.07,158.77,352.4,-7.6,-2.4,-0.374,0.446,-1.21,4.96,BGFG,False,,,
96,56.09,0.609,1.11,54.89,-4.39,1.0,157.64,353.7,-6.3,1.3,0.035,0.446,-1.01,4.39,BGFG,False,,,
97,56.67,0.568,0.967,55.46,-3.83,0.89,160.61,348.6,-11.4,-5.1,-0.18,0.446,-0.86,3.84,BGFG,False,,,
98,57.25,0.623,1.089,56.08,-3.23,0.74,163.93,346.4,-13.6,-2.1,-0.041,0.446,-0.74,3.23,BGFG,False,,,
99,57.8,0.463,0.832,56.54,-2.77,0.65,161.33,347.9,-12.1,1.5,-0.806,0.446,-0.62,2.78,BGFG,False,,,
100,58.37,0.568,0.993,57.11,-2.22,0.53,161.83,348.2,-11.8,0.2,0.238,0.446,-0.49,2.23,BGFG,False,,,
101,58.96,0.586,0.998,57.7,-1.65,0.4,160.55,346.9,-13.1,-1.3,-0.089,0.446,-0.36,1.66,BGFG,False,,,
102,59.55,0.515,0.877,58.21,-1.14,0.29,159.92,348.3,-11.7,1.5,0.458,0.446,-0.23,1.15,BGFG,False,,,
103,60.12,0.559,0.978,58.77,-0.6,0.15,163.21,345.3,-14.7,-3.1,-0.116,0.446,-0.13,0.61,BGFG,False,,,
104,60.69,0.616,1.077,59.39,0.0,0.0,161.16,345.7,-14.3,0.5,0.501,0.446,0.0,0.0,BGFG,False,,,
1,4.38,0.621,1.564,0.62,0.62,-0.06,68.19,354.7,-5.3,0.0,0.031,0.446,-48.88,-3.450000000000001,DLHB,False,,,
2,4.78,0.641,1.615,1.26,1.26,-0.07,60.11,358.5,-1.5,3.9,0.268,0.446,-48.28,-3.220000000000001,DLHB,False,,,
3,5.43,0.508,0.78,1.77,1.77,-0.09,61.45,357.9,-2.1,-0.6,-0.151,0.446,-47.8,-3.050000000000001,DLHB,False,,,
4,5.98,0.534,0.96,2.3,2.3,-0.1,58.07,359.5,-0.5,1.6,0.354,0.446,-47.31,-2.860000000000001,DLHB,False,,,
5,6.54,0.579,1.042,2.88,2.88,-0.12,60.99,357.4,-2.6,-2.1,-0.36,0.446,-46.76,-2.660000000000001,DLHB,False,,,
6,7.09,0.496,0.892,3.38,3.37,-0.14,60.69,357.8,-2.2,0.3,0.206,0.446,-46.3,-2.500000000000001,DLHB,False,,,
7,7.67,0.529,0.925,3.91,3.9,-0.18,62.96,355.4,-4.6,-2.4,-0.194,0.446,-45.79,-2.3400000000000007,DLHB,False,,,
8,8.19,0.584,1.115,4.49,4.48,-0.22,60.11,356.3,-3.7,0.9,0.082,0.446,-45.24,-2.160000000000001,DLHB,False,,,
9,8.7,0.608,1.195,5.1,5.09,-0.27,61.88,355.6,-4.4,-0.7,-0.33,0.446,-44.65,-1.980000000000001,DLHB,False,,,
10,9.3,0.562,0.928,5.66,5.65,-0.27,57.59,359.8,-0.2,4.2,0.415,0.446,-44.13,-1.770000000000001,DLHB,False,,,
11,9.86,0.551,0.991,6.21,6.2,-0.29,60.74,358.2,-1.8,-1.6,-0.284,0.446,-43.62,-1.5900000000000012,DLHB,False,,,
12,10.42,0.6,1.08,6.81,6.8,-0.31,60.17,357.7,-2.3,-0.4,0.074,0.446,-43.05,-1.3800000000000008,DLHB,False,,,
13,10.97,0.575,1.035,7.39,7.38,-0.34,59.38,357.0,-3.0,-0.7,-0.202,0.446,-42.5,-1.1900000000000008,DLHB,False,,,
14,11.52,0.561,1.025,7.95,7.94,-0.37,57.55,357.4,-2.6,0.4,0.222,0.446,-41.97,-1.0100000000000011,DLHB,False,,,
15,12.07,0.546,0.996,8.49,8.48,-0.41,60.48,355.2,-4.8,-2.2,-0.238,0.446,-41.45,-0.850000000000001,DLHB,False,,,
16,12.59,0.57,1.087,9.06,9.05,-0.44,57.55,357.4,-2.6,2.2,0.136,0.446,-40.91,-0.6700000000000008,DLHB,False,,,
17,13.15,0.556,0.998,9.62,9.6,-0.51,60.39,352.5,-7.5,-4.9,-0.115,0.446,-40.38,-0.5300000000000011,DLHB,False,,,
18,13.72,0.599,1.044,10.22,10.2,-0.56,56.42,355.7,-4.3,3.2,0.434,0.446,-39.8,-0.350000000000001,DLHB,False,,,
19,14.26,0.594,1.094,10.81,10.79,-0.64,58.09,352.1,-7.9,-3.6,-0.396,0.446,-39.22,-0.2100000000000008,DLHB,False,,,
20,14.84,0.606,1.056,11.42,11.39,-0.67,51.72,356.9,-3.1,4.8,-0.015,0.446,-38.66,-0.0100000000000011,DLHB,False,,,
21,15.41,0.593,1.033,12.01,11.98,-0.72,49.87,355.3,-4.7,-1.6,-0.158,0.446,-38.09,0.1599999999999988,DLHB,False,,,
22,15.96,0.579,1.057,12.59,12.56,-0.75,47.65,357.5,-2.5,2.2,0.268,0.446,-37.54,0.3499999999999992,DLHB,False,,,
23,16.48,0.557,1.079,13.15,13.12,-0.8,52.34,354.5,-5.5,-3.0,-0.313,0.446,-37.0,0.5099999999999989,DLHB,False,,,
24,17.03,0.61,1.098,13.76,13.73,-0.82,48.35,358.2,-1.8,3.8,0.265,0.446,-36.42999999999999,0.7199999999999989,DLHB,False,,,
25,17.59,0.54,0.97,14.3,14.27,-0.84,50.18,357.2,-2.8,-1.0,-0.336,0.446,-35.919999999999995,0.8999999999999986,DLHB,False,,,
26,18.16,0.559,0.977,14.86,14.82,-0.86,48.22,358.1,-1.9,0.9,0.299,0.446,-35.4,1.089999999999999,DLHB,False,,,
27,18.7,0.591,1.094,15.45,15.41,-0.89,49.23,357.0,-3.0,-1.1,-0.342,0.446,-34.84,1.2799999999999994,DLHB,False,,,
28,19.24,0.654,1.212,16.1,16.07,-0.92,49.11,357.8,-2.2,0.8,0.114,0.446,-34.22,1.4999999999999991,DLHB,False,,,
29,19.8,0.567,1.006,16.67,16.63,-0.95,52.1,356.6,-3.4,-1.2,-0.22,0.446,-33.69,1.6799999999999988,DLHB,False,,,
30,20.36,0.526,0.945,17.2,17.16,-0.96,48.42,358.8,-1.2,2.2,0.37,0.446,-33.19,1.86,DLHB,False,,,
31,20.91,0.613,1.116,17.81,17.77,-1.01,50.41,355.6,-4.4,-3.2,-0.331,0.446,-32.61,2.039999999999999,DLHB,False,,,
32,21.47,0.616,1.105,18.42,18.39,-1.04,49.37,357.6,-2.4,2.0,0.428,0.446,-32.02,2.249999999999999,DLHB,False,,,
33,22.04,0.539,0.943,18.96,18.92,-1.08,51.97,354.9,-5.1,-2.7,-0.244,0.446,-31.51,2.41,DLHB,False,,,
34,22.6,0.572,1.014,19.54,19.49,-1.13,57.17,355.5,-4.5,0.6,0.107,0.446,-30.969999999999995,2.5699999999999994,DLHB,False,,,
35,23.17,0.606,1.075,20.14,20.1,-1.19,61.57,354.2,-5.8,-1.3,-0.19,0.446,-30.379999999999995,2.74,DLHB,False,,,
36,23.72,0.596,1.071,20.74,20.69,-1.2,62.06,359.1,-0.9,4.9,0.488,0.446,-29.83,2.95,DLHB,False,,,
37,24.23,0.632,1.244,21.37,21.32,-1.23,63.77,357.6,-2.4,-1.5,-0.457,0.446,-29.23,3.16,DLHB,False,,,
38,24.81,0.568,0.979,21.94,21.89,-1.24,61.08,358.4,-1.6,0.8,0.269,0.446,-28.7,3.3599999999999994,DLHB,False,,,
39,25.33,0.604,1.17,22.54,22.49,-1.29,66.58,355.2,-4.8,-3.2,-0.303,0.446,-28.12,3.539999999999999,DLHB,False,,,
40,25.91,0.521,0.886,23.06,23.01,-1.29,54.29,0.4,0.4,5.2,0.343,0.446,-27.64,3.729999999999999,DLHB,False,,,
41,26.45,0.635,1.176,23.7,23.65,-1.34,56.45,355.4,-4.6,-5.0,-0.415,0.446,-27.02,3.919999999999999,DLHB,False,,,
42,26.98,0.594,1.134,24.29,24.24,-1.37,51.16,356.4,-3.6,1.0,0.048,0.446,-26.469999999999995,4.109999999999999,DLHB,False,,,
43,27.54,0.538,0.954,24.83,24.78,-1.4,48.98,356.8,-3.2,0.4,-0.175,0.446,-25.95,4.289999999999999,DLHB,False,,,
44,28.11,0.611,1.083,25.44,25.39,-1.43,45.65,357.4,-2.6,0.5,0.141,0.446,-25.379999999999995,4.489999999999998,DLHB,False,,,
45,28.63,0.64,1.221,26.08,26.02,-1.49,52.42,354.6,-5.4,-2.8,-0.275,0.446,-24.77,4.659999999999998,DLHB,False,,,
46,29.2,0.595,1.04,26.67,26.62,-1.54,53.91,355.5,-4.5,1.0,0.333,0.446,-24.19,4.84,DLHB,False,,,
47,29.76,0.552,0.993,27.23,27.17,-1.6,57.38,354.2,-5.8,-1.3,-0.386,0.446,-23.66,4.989999999999998,DLHB,False,,,
48,30.31,0.618,1.127,27.84,27.78,-1.64,54.38,355.8,-4.2,1.6,0.312,0.446,-23.08,5.18,DLHB,False,,,
49,30.85,0.653,1.193,28.5,28.43,-1.73,58.41,352.5,-7.5,-3.3,-0.361,0.446,-22.44,5.34,DLHB,False,,,
50,31.43,0.605,1.059,29.1,29.03,-1.78,61.2,355.3,-4.7,2.9,0.483,0.446,-21.87,5.51,DLHB,False,,,
51,31.97,0.585,1.083,29.69,29.61,-1.85,70.28,352.9,-7.1,-2.4,-0.279,0.446,-21.3,5.659999999999998,DLHB,False,,,
52,32.49,0.642,1.225,30.33,30.25,-1.9,68.37,355.5,-4.5,2.7,0.271,0.446,-20.69,5.85,DLHB,False,,,
53,33.05,0.631,1.135,30.96,30.88,-1.96,65.88,354.0,-6.0,-1.5,-0.298,0.446,-20.08,6.029999999999999,DLHB,False,,,
54,33.6,0.602,1.083,31.56,31.48,-2.0,58.11,356.7,-3.3,2.7,0.495,0.446,-19.51,6.219999999999999,DLHB,False,,,
55,34.14,0.6,1.112,32.16,32.08,-2.04,59.1,355.8,-4.2,-0.9,-0.363,0.446,-18.94,6.399999999999999,DLHB,False,,,
56,34.69,0.558,1.017,32.72,32.64,-2.08,58.75,356.8,-3.2,1.0,0.237,0.446,-18.4,6.579999999999998,DLHB,False,,,
57,35.25,0.607,1.093,33.33,33.24,-2.12,60.53,355.7,-4.3,-1.1,-0.203,0.446,-17.83,6.76,DLHB,False,,,
58,35.79,0.617,1.126,33.94,33.86,-2.14,55.84,358.3,-1.7,2.6,0.381,0.446,-17.25,6.969999999999999,DLHB,False,,,
59,36.32,0.624,1.19,34.57,34.48,-2.19,57.45,355.1,-4.9,-3.2,-0.255,0.446,-16.65,7.159999999999998,DLHB,False,,,
60,36.86,0.622,1.151,35.19,35.1,-2.22,53.98,357.4,-2.6,2.3,0.285,0.446,-16.07,7.359999999999999,DLHB,False,,,
61,37.41,0.596,1.072,35.79,35.7,-2.25,55.27,356.9,-3.1,-0.6,-0.511,0.446,-15.5,7.549999999999999,DLHB,False,,,
62,37.97,0.619,1.113,36.4,36.32,-2.26,52.05,359.2,-0.8,2.4,0.43,0.446,-14.919999999999996,7.779999999999999,DLHB,False,,,
63,38.51,0.645,1.194,37.05,36.96,-2.32,56.82,355.1,-4.9,-4.1,-0.339,0.446,-14.299999999999995,7.959999999999999,DLHB,False,,,
64,39.05,0.647,1.198,37.7,37.61,-2.34,53.26,358.2,-1.8,3.1,0.303,0.446,-13.689999999999998,8.18,DLHB,False,,,
65,39.62,0.617,1.079,38.31,38.22,-2.37,53.26,357.1,-2.9,-1.1,-0.456,0.446,-13.119999999999996,8.379999999999999,DLHB,False,,,
66,40.23,0.612,1.014,38.93,38.83,-2.34,48.93,2.5,2.5,5.4,0.446,0.446,-12.559999999999995,8.629999999999999,DLHB,False,,,
67,40.81,0.497,0.846,39.42,39.33,-2.35,55.88,358.9,-1.1,-3.6,-0.197,0.446,-12.089999999999996,8.809999999999999,DLHB,False,,,
68,41.51,0.499,0.715,39.92,39.83,-2.37,55.55,357.4,-2.6,-1.5,-0.044,0.446,-11.619999999999996,8.979999999999999,DLHB,False,,,
69,42.12,0.505,0.836,40.43,40.33,-2.44,68.04,351.7,-8.3,-5.7,-0.284,0.446,-11.129999999999995,9.1,DLHB,False,,,
70,42.68,0.627,1.112,41.05,40.95,-2.55,75.9,350.7,-9.3,-1.0,0.421,0.446,-10.509999999999998,9.23,DLHB,False,,,
71,43.24,0.576,1.036,41.63,41.51,-2.66,76.49,349.0,-11.0,-1.7,-0.324,0.446,-9.949999999999996,9.329999999999998,DLHB,False,,,
72,43.8,0.562,0.997,42.19,42.07,-2.75,73.95,350.4,-9.6,1.4,0.261,0.446,-9.4,9.46,DLHB,False,,,
73,44.4,0.541,0.897,42.73,42.59,-2.87,76.7,346.9,-13.1,-3.5,-0.213,0.446,-8.869999999999997,9.54,DLHB,False,,,
74,44.86,0.551,1.196,43.28,43.13,-3.01,76.45,345.8,-14.2,-1.2,0.767,0.446,-8.32,9.61,DLHB,False,,,
75,45.4,0.623,1.153,43.91,43.74,-3.15,77.6,347.0,-13.0,1.3,-0.202,0.446,-7.699999999999996,9.71,DLHB,False,,,
76,45.96,0.565,1.016,44.47,44.3,-3.22,73.51,352.4,-7.6,5.3,0.464,0.446,-7.149999999999999,9.85,DLHB,False,,,
77,46.56,0.523,0.866,44.99,44.81,-3.29,72.89,352.7,-7.3,0.3,-0.119,0.446,-6.659999999999997,9.97,DLHB,False,,,
78,47.17,0.614,1.018,45.61,45.42,-3.37,69.2,352.6,-7.4,-0.1,-0.208,0.446,-6.059999999999995,10.13,DLHB,False,,,
79,47.71,0.618,1.145,46.23,46.03,-3.47,68.76,350.6,-9.4,-2.0,-0.435,0.446,-5.459999999999994,10.26,DLHB,False,,,
80,48.28,0.637,1.114,46.86,46.66,-3.58,68.03,350.2,-9.8,-0.4,0.367,0.446,-4.829999999999998,10.39,DLHB,False,,,
81,48.83,0.609,1.095,47.47,47.26,-3.71,70.63,347.7,-12.3,-2.5,-0.307,0.446,-4.219999999999999,10.489999999999998,DLHB,False,,,
82,49.38,0.569,1.039,48.04,47.82,-3.8,70.46,350.0,-10.0,2.3,0.4,0.446,-3.6699999999999946,10.62,DLHB,False,,,
83,49.93,0.602,1.098,48.64,48.4,-3.94,72.3,346.8,-13.2,-3.1,-0.378,0.446,-3.0799999999999983,10.7,DLHB,True,Junction_1,BGFG,85
84,50.5,0.599,1.047,49.24,48.99,-4.06,69.81,348.3,-11.7,1.5,0.403,0.446,-2.489999999999995,10.81,DLHB,False,,,
85,51.06,0.583,1.05,49.83,49.56,-4.2,67.25,346.6,-13.4,-1.7,-0.473,0.446,-1.9099999999999968,10.89,DLHB,False,,,
86,51.61,0.612,1.1,50.44,50.15,-4.33,63.09,347.9,-12.1,1.3,0.333,0.446,-1.3099999999999952,10.989999999999998,DLHB,False,,,
87,52.18,0.577,1.024,51.02,50.71,-4.47,61.63,346.1,-13.9,-1.8,-0.16,0.446,-0.7399999999999949,11.07,DLHB,False,,,
88,52.72,0.599,1.093,51.61,51.3,-4.6,61.85,347.0,-13.0,0.9,0.353,0.446,-0.1399999999999934,11.169999999999998,DLHB,False,,,
89,53.27,0.55,1.018,52.16,51.83,-4.75,62.53,344.4,-15.6,-2.6,-0.71,0.446,0.4000000000000057,11.23,DLHB,False,,,
90,53.84,0.585,1.023,52.75,52.39,-4.9,60.58,345.0,-15.0,0.5,0.348,0.446,0.980000000000004,11.3,DLHB,False,,,
91,54.38,0.606,1.122,53.36,52.97,-5.07,60.22,343.2,-16.8,-1.8,-0.239,0.446,1.5800000000000054,11.35,DLHB,False,,,
92,54.9,0.611,1.166,53.97,53.56,-5.25,57.15,343.6,-16.4,0.4,0.376,0.446,2.200000000000003,11.4,DLHB,False,,,
93,55.49,0.56,0.954,54.53,54.1,-5.41,52.62,343.2,-16.8,-0.3,-0.251,0.446,2.760000000000005,11.46,DLHB,False,,,
94,56.08,0.552,0.94,55.08,54.63,-5.57,44.61,343.6,-16.4,0.4,0.379,0.446,3.3100000000000023,11.51,DLHB,False,,,
95,56.63,0.56,1.008,55.64,55.15,-5.75,97.33,341.0,-19.0,-2.6,-0.431,0.446,3.860000000000007,11.53,DLHB,False,,,
96,57.19,0.607,1.092,56.25,55.73,-5.95,129.66,341.0,-19.0,-0.0,0.365,0.446,4.470000000000006,11.56,DLHB,False,,,
97,57.79,0.534,0.884,56.78,56.23,-6.13,121.19,339.7,-20.3,-1.3,-0.235,0.446,5.0,11.579999999999998,DLHB,False,,,
98,58.36,0.545,0.966,57.32,56.74,-6.31,114.96,341.1,-18.9,1.4,0.384,0.446,5.540000000000006,11.6,DLHB,False,,,
99,58.9,0.59,1.076,57.91,57.3,-6.51,108.84,339.6,-20.4,-1.5,-0.285,0.446,6.140000000000001,11.62,DLHB,False,,,
100,59.43,0.622,1.187,58.54,57.88,-6.72,102.54,340.8,-19.2,1.2,0.358,0.446,6.75,11.65,DLHB,False,,,
101,59.98,0.608,1.095,59.14,58.47,-6.9,89.83,342.9,-17.1,2.0,-0.169,0.446,7.370000000000003,11.7,DLHB,False,,,
102,60.54,0.593,1.066,59.74,59.04,-7.05,78.2,344.7,-15.3,1.8,0.447,0.446,7.950000000000003,11.77,DLHB,False,,,
103,61.09,0.591,1.064,60.33,59.6,-7.22,78.55,343.2,-16.8,-1.5,-0.197,0.446,8.540000000000006,11.82,DLHB,False,,,
104,61.62,0.617,1.177,60.94,60.19,-7.41,76.27,342.5,-17.5,-0.7,0.12,0.446,9.150000000000006,11.86,DLHB,False,,,
105,62.16,0.629,1.165,61.57,60.78,-7.62,75.64,340.7,-19.3,-1.8,-0.612,0.446,9.78,11.89,DLHB,False,,,
106,62.71,0.572,1.028,62.14,61.33,-7.8,75.3,341.6,-18.4,0.9,0.393,0.446,10.360000000000008,11.919999999999998,DLHB,False,,,
107,63.25,0.628,1.162,62.77,61.91,-8.02,79.24,339.4,-20.6,-2.2,-0.463,0.446,10.980000000000004,11.94,DLHB,False,,,
108,63.81,0.562,1.011,63.33,62.45,-8.2,77.59,341.6,-18.4,2.2,0.442,0.446,11.550000000000004,11.97,DLHB,False,,,
109,64.39,0.558,0.962,63.89,62.97,-8.38,81.53,340.4,-19.6,-1.2,-0.29,0.446,12.1,11.999999999999998,DLHB,False,,,
110,64.97,0.567,0.978,64.46,63.51,-8.55,81.07,342.8,-17.2,2.4,0.561,0.446,12.660000000000004,12.04,DLHB,False,,,
111,65.48,0.599,1.179,65.06,64.08,-8.75,84.19,340.9,-19.1,-1.9,-0.291,0.446,13.260000000000003,12.06,DLHB,False,,,
112,66.05,0.558,0.976,65.62,64.61,-8.91,77.29,342.8,-17.2,1.9,0.336,0.446,13.82,12.11,DLHB,False,,,
113,66.59,0.601,1.113,66.22,65.19,-9.09,70.37,342.8,-17.2,-0.0,-0.342,0.446,14.420000000000002,12.159999999999998,DLHB,False,,,
114,67.13,0.624,1.155,66.84,65.79,-9.25,65.95,344.7,-15.3,1.9,0.35,0.446,15.04,12.239999999999998,DLHB,False,,,
115,67.67,0.637,1.175,67.48,66.4,-9.43,70.29,343.9,-16.1,-0.9,-0.397,0.446,15.670000000000009,12.29,DLHB,False,,,
116,68.23,0.589,1.055,68.07,66.97,-9.58,74.47,345.6,-14.4,1.7,0.284,0.446,16.259999999999998,12.37,DLHB,False,,,
117,68.8,0.566,0.999,68.63,67.52,-9.71,75.54,346.3,-13.7,0.7,-0.313,0.446,16.81000000000001,12.45,DLHB,False,,,
118,69.35,0.61,1.109,69.24,68.11,-9.86,70.97,345.8,-14.2,-0.5,0.238,0.446,17.42000000000001,12.529999999999998,DLHB,False,,,
119,69.9,0.58,1.04,69.82,68.67,-10.04,73.82,342.6,-17.4,-3.2,-0.36,0.446,18.000000000000007,12.57,DLHB,False,,,
120,70.47,0.476,0.844,70.3,69.13,-10.15,76.53,346.6,-13.4,4.0,0.792,0.446,18.47000000000001,12.64,DLHB,False,,,
121,70.97,0.634,1.267,70.93,69.74,-10.31,82.11,345.3,-14.7,-1.3,-0.503,0.446,19.1,12.72,DLHB,False,,,
122,71.51,0.611,1.132,71.54,70.34,-10.44,80.95,347.5,-12.5,2.2,0.3,0.446,19.70000000000001,12.82,DLHB,False,,,
123,72.06,0.646,1.161,72.19,70.97,-10.59,80.09,346.3,-13.7,-1.2,-0.216,0.446,20.34,12.919999999999998,DLHB,False,,,
124,72.62,0.58,1.043,72.77,71.53,-10.72,71.86,347.0,-13.0,0.6,0.344,0.446,20.910000000000004,13.0,DLHB,False,,,
125,73.18,0.64,1.151,73.41,72.15,-10.88,68.72,345.3,-14.7,-1.7,-0.321,0.446,21.550000000000004,13.079999999999998,DLHB,False,,,
126,73.73,0.617,1.109,74.03,72.75,-11.01,63.04,347.8,-12.2,2.5,0.564,0.446,22.15,13.189999999999998,DLHB,False,,,
127,74.26,0.628,1.198,74.65,73.37,-11.16,58.92,346.7,-13.3,-1.0,-0.319,0.446,22.78000000000001,13.279999999999998,DLHB,False,,,
128,74.81,0.542,0.975,75.2,73.9,-11.26,53.37,348.9,-11.1,2.2,0.492,0.446,23.31000000000001,13.38,DLHB,False,,,
129,75.35,0.622,1.151,75.82,74.51,-11.39,64.04,348.2,-11.8,-0.7,-0.255,0.446,23.93,13.489999999999998,DLHB,False,,,
130,75.91,0.559,1.006,76.38,75.05,-11.5,67.7,348.3,-11.7,0.2,0.168,0.446,24.47000000000001,13.59,DLHB,False,,,
131,76.46,0.634,1.158,77.01,75.66,-11.68,65.15,344.2,-15.8,-4.2,-0.199,0.446,25.1,13.65,DLHB,False,,,
132,77.04,0.58,1.0,77.59,76.23,-11.8,44.02,347.8,-12.2,3.6,0.611,0.446,25.68,13.75,DLHB,True,Junction_3,AB017,60
133,77.57,0.643,1.208,78.23,76.86,-11.93,19.99,348.3,-11.7,0.5,-0.465,0.446,26.31000000000001,13.86,DLHB,False,,,
134,78.13,0.585,1.037,78.82,77.43,-12.05,2.48,348.5,-11.5,0.2,0.338,0.446,26.880000000000003,13.959999999999996,DLHB,False,,,
135,78.67,0.637,1.18,79.46,78.06,-12.17,102.37,348.7,-11.3,0.2,-0.327,0.446,27.51,14.079999999999998,DLHB,False,,,
136,79.23,0.578,1.04,80.03,78.63,-12.28,89.16,349.4,-10.6,0.7,0.362,0.446,28.080000000000005,14.189999999999998,DLHB,False,,,
137,79.75,0.603,1.15,80.64,79.21,-12.41,77.85,347.3,-12.7,-2.1,-0.307,0.446,28.67000000000001,14.29,DLHB,False,,,
138,80.31,0.614,1.103,81.25,79.82,-12.51,65.89,350.3,-9.7,3.0,0.494,0.446,29.270000000000003,14.419999999999998,DLHB,False,,,
139,80.85,0.654,1.206,81.91,80.46,-12.65,70.48,348.2,-11.8,-2.1,-0.416,0.446,29.92000000000001,14.529999999999998,DLHB,False,,,
140,81.39,0.652,1.203,82.56,81.1,-12.78,109.47,347.9,-12.1,-0.3,0.26,0.446,30.56000000000001,14.65,DLHB,False,,,
141,81.97,0.587,1.009,83.14,81.67,-12.92,102.28,346.5,-13.5,-1.4,-0.335,0.446,31.140000000000008,14.73,DLHB,False,,,
142,82.53,0.605,1.084,83.75,82.26,-13.04,92.24,348.7,-11.3,2.2,0.627,0.446,31.74,14.84,DLHB,False,,,
143,83.04,0.695,1.362,84.44,82.94,-13.19,84.19,347.9,-12.1,-0.9,-0.415,0.446,32.42000000000001,14.95,DLHB,False,,,
144,83.61,0.646,1.14,85.09,83.58,-13.3,82.87,350.0,-10.0,2.2,0.292,0.446,33.06000000000001,15.079999999999998,DLHB,False,,,
145,84.14,0.636,1.208,85.73,84.2,-13.42,85.94,349.2,-10.8,-0.9,-0.485,0.446,33.68,15.2,DLHB,False,,,
146,84.71,0.448,0.782,86.17,84.65,-13.46,80.68,354.6,-5.4,5.5,0.803,0.446,34.11000000000001,15.329999999999998,DLHB,False,,,
147,85.26,0.608,1.093,86.78,85.25,-13.55,78.68,351.4,-8.6,-3.3,-0.455,0.446,34.70000000000001,15.47,DLHB,False,,,
148,85.83,0.587,1.042,87.37,85.83,-13.65,72.55,349.7,-10.3,-1.7,0.399,0.446,35.28000000000001,15.599999999999998,DLHB,False,,,
149,86.38,0.593,1.067,87.96,86.41,-13.77,67.62,349.0,-11.0,-0.7,-0.148,0.446,35.86000000000001,15.7,DLHB,False,,,
150,86.95,0.568,1.007,88.53,86.97,-13.84,68.22,352.8,-7.2,3.9,0.534,0.446,36.41,15.84,DLHB,False,,,
151,87.49,0.575,1.064,89.1,87.54,-13.94,72.5,350.3,-9.7,-2.6,-0.415,0.446,36.970000000000006,15.959999999999996,DLHB,False,,,
152,88.04,0.586,1.055,89.69,88.11,-14.04,71.64,349.3,-10.7,-0.9,0.24,0.446,37.54,16.08,DLHB,False,,,
153,88.65,0.52,0.862,90.21,88.62,-14.17,75.8,346.4,-13.6,-3.0,-0.18,0.446,38.06000000000001,16.15,DLHB,False,,,
154,89.24,0.6,1.02,90.81,89.21,-14.26,68.57,351.4,-8.6,5.1,0.539,0.446,38.64000000000001,16.279999999999998,DLHB,False,,,
155,89.87,0.565,0.889,91.38,89.77,-14.36,70.54,349.7,-10.3,-1.7,-0.476,0.446,39.20000000000001,16.4,DLHB,False,,,
156,90.51,0.488,0.768,91.86,90.25,-14.46,71.52,347.9,-12.1,-1.8,0.224,0.446,39.68,16.49,DLHB,False,,,
157,91.05,0.54,1.0,92.4,90.77,-14.59,74.64,345.8,-14.2,-2.1,-0.322,0.446,40.21,16.56,DLHB,False,,,
158,91.47,0.478,1.115,92.88,91.23,-14.7,78.23,346.5,-13.5,0.7,0.721,0.446,40.68,16.63,DLHB,False,,,
159,92.18,0.454,0.642,93.34,91.68,-14.79,78.88,348.6,-11.4,2.2,-0.561,0.446,41.13,16.709999999999997,DLHB,False,,,
160,92.78,0.502,0.842,93.84,92.17,-14.88,76.65,350.0,-10.0,1.4,0.358,0.446,41.62,16.81,DLHB,False,,,
161,93.33,0.494,0.889,94.33,92.65,-14.99,81.79,346.5,-13.5,-3.5,0.045,0.446,42.11000000000001,16.89,DLHB,False,,,
1,6.26,0.678,1.078,0.68,0.68,-0.03,152.44,357.8,-2.2,0.0,0.138,0.657,18.8,54.63,AB017,True,Junction_4,AUDI,110
2,6.89,0.726,1.154,1.4,1.4,-0.08,156.31,355.6,-4.4,-2.2,-0.134,0.657,18.88,53.4,AB017,False,,,
3,7.62,0.671,0.925,2.08,2.07,-0.12,156.3,356.6,-3.4,1.0,0.035,0.657,19.15,52.79,AB017,False,,,
4,8.23,0.732,1.194,2.81,2.8,-0.17,154.46,356.5,-3.5,-0.2,-0.212,0.657,19.44,52.12,AB017,False,,,
5,8.81,0.734,1.265,3.54,3.53,-0.24,157.29,354.1,-5.9,-2.3,0.05,0.657,19.72,51.44,AB017,False,,,
6,9.42,0.717,1.169,4.26,4.25,-0.31,155.61,354.5,-5.5,0.4,-0.38,0.657,19.99,50.77,AB017,False,,,
7,10.0,0.771,1.329,5.03,5.01,-0.4,156.52,353.7,-6.3,-0.8,0.18,0.657,20.26,50.05,AB017,False,,,
8,10.62,0.745,1.215,5.78,5.75,-0.48,153.57,353.5,-6.5,-0.2,-0.235,0.657,20.53,49.36,AB017,False,,,
9,11.15,0.642,1.205,6.42,6.39,-0.57,154.05,352.1,-7.9,-1.4,0.202,0.657,20.75,48.75,AB017,False,,,
10,11.73,0.703,1.211,7.12,7.09,-0.67,150.26,352.0,-8.0,-0.1,-0.212,0.657,20.99,48.08,AB017,False,,,
11,12.34,0.71,1.157,7.83,7.79,-0.74,147.28,353.7,-6.3,1.8,0.004,0.657,21.25,47.43,AB017,False,,,
12,12.94,0.724,1.212,8.55,8.51,-0.83,146.27,353.3,-6.7,-0.4,-0.191,0.657,21.5,46.75,AB017,False,,,
13,13.49,0.731,1.332,9.28,9.24,-0.9,150.58,354.5,-5.5,1.2,0.037,0.657,21.78,46.07,AB017,False,,,
14,14.07,0.69,1.188,9.97,9.92,-0.99,156.93,352.1,-7.9,-2.4,-0.377,0.657,22.01,45.43,AB017,False,,,
15,14.62,0.699,1.274,10.67,10.61,-1.08,159.66,352.6,-7.4,0.5,0.075,0.657,22.25,44.77,AB017,False,,,
16,15.25,0.787,1.251,11.46,11.39,-1.23,161.63,349.5,-10.5,-3.1,-0.51,0.657,22.48,44.01,AB017,False,,,
17,15.79,0.797,1.452,12.26,12.17,-1.35,159.12,350.7,-9.3,1.2,0.076,0.657,22.73,43.27,AB017,False,,,
18,16.38,0.745,1.282,13.0,12.91,-1.49,160.5,349.7,-10.3,-1.0,-0.394,0.657,22.95,42.55,AB017,False,,,
19,16.96,0.697,1.199,13.7,13.59,-1.61,160.96,349.9,-10.1,0.2,0.0,0.657,23.16,41.89,AB017,False,,,
20,17.54,0.67,1.154,14.37,14.25,-1.73,162.28,349.2,-10.8,-0.7,-0.226,0.657,23.36,41.25,AB017,False,,,
21,18.12,0.696,1.198,15.06,14.94,-1.86,162.46,349.9,-10.1,0.6,0.136,0.657,23.56,40.57,AB017,False,,,
22,18.68,0.697,1.235,15.76,15.62,-1.98,164.31,349.8,-10.2,-0.0,-0.295,0.657,23.77,39.92,AB017,False,,,
23,19.3,0.754,1.23,16.52,16.36,-2.14,168.21,347.5,-12.5,-2.3,-0.096,0.657,23.97,39.19,AB017,False,,,
24,19.94,0.642,0.995,17.16,16.99,-2.25,167.91,350.6,-9.4,3.0,-0.126,0.657,24.17,38.58,AB017,False,,,
25,20.47,0.686,1.288,17.84,17.67,-2.36,166.85,350.7,-9.3,0.2,0.067,0.657,24.38,37.92,AB017,False,,,
26,21.04,0.716,1.268,18.56,18.37,-2.5,163.83,348.9,-11.1,-1.8,-0.491,0.657,24.58,37.24,AB017,False,,,
27,21.57,0.734,1.379,19.29,19.09,-2.61,162.52,350.7,-9.3,1.8,0.07,0.657,24.82,36.55,AB017,False,,,
28,22.2,0.698,1.109,19.99,19.78,-2.75,163.34,348.8,-11.2,-1.9,-0.044,0.657,25.01,35.87,AB017,False,,,
29,22.72,0.812,1.572,20.8,20.58,-2.88,159.97,351.1,-8.9,2.3,0.039,0.657,25.27,35.1,AB017,False,,,
30,23.36,0.698,1.082,21.5,21.25,-3.08,164.62,343.7,-16.3,-2.6,-0.163,0.657,25.4,34.42,AB017,False,,,
31,23.88,0.761,1.475,22.26,21.99,-3.27,164.15,345.3,-14.7,1.6,0.048,0.657,25.58,33.67,AB017,False,,,
32,24.43,0.698,1.272,22.96,22.65,-3.48,164.4,342.6,-17.4,-2.7,-0.266,0.657,25.69,32.99,AB017,False,,,
33,25.03,0.671,1.124,23.63,23.28,-3.71,159.26,340.2,-19.8,-2.4,-0.072,0.657,25.78,32.33,AB017,False,,,
34,25.57,0.741,1.352,24.37,23.97,-4.0,158.5,336.7,-23.3,-3.5,-0.519,0.657,25.84,31.58,AB017,False,,,
35,26.12,0.714,1.302,25.09,24.63,-4.26,157.58,338.5,-21.5,1.8,0.057,0.657,25.92,30.87,AB017,False,,,
36,26.61,0.738,1.525,25.83,25.32,-4.53,157.48,338.4,-21.6,-0.1,-0.009,0.657,26.0,30.14,AB017,False,,,
37,27.22,0.701,1.144,26.53,25.95,-4.82,160.81,335.5,-24.5,-3.0,0.01,0.657,26.03,29.44,AB017,False,,,
38,27.85,0.684,1.087,27.21,26.56,-5.13,160.17,333.0,-27.0,-2.4,-0.274,0.657,26.04,28.76,AB017,False,,,
39,28.37,0.703,1.362,27.92,27.21,-5.41,155.9,336.6,-23.4,3.6,-0.109,0.657,26.09,28.05,AB017,False,,,
40,28.93,0.652,1.154,28.57,27.8,-5.68,155.63,335.5,-24.5,-1.1,-0.327,0.657,26.13,27.41,AB017,False,,,
41,29.51,0.702,1.209,29.27,28.44,-5.97,152.73,335.6,-24.4,0.1,0.011,0.657,26.17,26.7,AB017,False,,,
42,30.11,0.688,1.153,29.96,29.06,-6.28,154.49,333.4,-26.6,-2.2,-0.138,0.657,26.18,26.01,AB017,False,,,
43,30.62,0.763,1.478,30.72,29.76,-6.59,152.5,336.2,-23.8,2.9,0.034,0.657,26.23,25.25,AB017,False,,,
44,31.19,0.687,1.216,31.41,30.38,-6.87,153.5,335.6,-24.4,-0.6,-0.311,0.657,26.27,24.57,AB017,False,,,
45,31.72,0.725,1.361,32.13,31.06,-7.13,151.32,338.9,-21.1,3.3,0.081,0.657,26.35,23.85,AB017,False,,,
46,32.35,0.665,1.056,32.8,31.67,-7.39,153.05,336.9,-23.1,-2.0,0.155,0.657,26.4,23.18,AB017,False,,,
47,32.87,0.787,1.524,33.58,32.4,-7.68,153.07,339.0,-21.0,2.0,-0.095,0.657,26.48,22.4,AB017,False,,,
48,33.46,0.719,1.205,34.3,33.05,-7.99,161.19,334.3,-25.7,-4.7,-0.156,0.657,26.51,21.68,AB017,False,,,
49,33.93,0.821,1.755,35.12,33.79,-8.34,166.67,334.5,-25.5,0.2,0.003,0.657,26.54,20.87,AB017,False,,,
50,34.53,0.727,1.217,35.84,34.4,-8.74,173.24,326.4,-33.6,-0.5,-0.15,0.657,26.47,20.14,AB017,False,,,
51,35.1,0.697,1.235,36.54,34.96,-9.15,175.46,323.9,-36.1,-2.4,-0.263,0.657,26.36,19.45,AB017,False,,,
52,35.63,0.687,1.291,37.23,35.52,-9.55,177.46,324.9,-35.1,1.0,-0.045,0.657,26.27,18.77,AB017,False,,,
53,36.24,0.665,1.084,37.89,36.07,-9.93,178.44,324.8,-35.2,-0.2,-0.019,0.657,26.19,18.11,AB017,False,,,
54,36.73,0.771,1.594,38.66,36.72,-10.34,174.75,327.9,-32.1,3.2,-0.018,0.657,26.12,17.34,AB017,False,,,
55,37.37,0.686,1.063,39.35,37.28,-10.73,175.05,324.8,-35.2,-3.1,-0.082,0.657,26.04,16.67,AB017,False,,,
56,38.5,0.538,0.476,39.89,37.74,-11.02,163.56,328.3,-31.7,3.5,-0.034,0.657,25.99,16.12,AB017,False,,,
57,38.98,0.728,1.504,40.61,38.36,-11.39,164.31,329.1,-30.9,0.8,0.198,0.657,25.95,15.4,AB017,False,,,
58,39.55,0.672,1.191,41.29,38.94,-11.73,159.91,329.4,-30.6,0.3,-0.107,0.657,25.92,14.73,AB017,False,,,
59,40.19,0.658,1.019,41.95,39.5,-12.09,158.15,327.5,-32.5,-1.9,0.032,0.657,25.86,14.07,AB017,False,,,
60,41.42,0.379,0.309,42.32,39.7,-12.4,181.12,303.0,-57.0,-24.5,-0.853,0.657,25.68,13.75,AB017,True,Junction_3,DLHB,132
1,3.06,0.706,1.365,0.71,0.71,-0.01,96.29,359.1,-0.9,0.0,-0.56,0.657,-52.16,49.28,AUDI,False,,,
2,3.58,1.084,2.095,1.79,1.79,0.09,87.15,5.2,5.2,6.1,0.193,0.657,-51.07,49.26,AUDI,False,,,
3,4.79,0.35,0.288,2.14,2.13,0.11,90.19,2.7,2.7,-2.5,0.994,0.657,-50.73,49.25,AUDI,False,,,
4,5.74,0.571,0.599,2.71,2.71,0.09,92.42,358.8,-1.2,-3.9,-0.573,0.657,-50.16,49.16,AUDI,False,,,
5,6.32,0.683,1.173,3.39,3.39,0.08,87.59,358.5,-1.5,-0.3,0.135,0.657,-49.48,49.08,AUDI,False,,,
6,6.91,0.735,1.263,4.13,4.12,0.05,87.08,358.3,-1.7,-0.2,-0.312,0.657,-48.76,48.97,AUDI,False,,,
7,7.6,0.757,1.089,4.89,4.88,0.05,82.58,359.6,-0.4,1.3,-0.172,0.657,-48.0,48.89,AUDI,False,,,
8,8.14,0.724,1.357,5.61,5.6,0.06,79.99,0.5,0.5,0.9,-0.24,0.657,-47.29,48.82,AUDI,False,,,
9,8.65,0.774,1.496,6.38,6.38,0.09,79.02,2.3,2.3,1.8,0.085,0.657,-46.51,48.76,AUDI,False,,,
10,9.27,0.689,1.122,7.07,7.06,0.12,82.49,2.5,2.5,0.2,-0.477,0.657,-45.83,48.72,AUDI,False,,,
11,9.82,0.736,1.339,7.81,7.8,0.16,87.94,3.4,3.4,1.0,-0.048,0.657,-45.09,48.67,AUDI,False,,,
12,10.4,0.722,1.241,8.53,8.52,0.2,90.05,3.4,3.4,-0.0,-0.413,0.657,-44.37,48.64,AUDI,False,,,
13,10.9,0.768,1.532,9.3,9.29,0.23,88.5,1.8,1.8,-1.6,-0.017,0.657,-43.6,48.58,AUDI,False,,,
14,11.45,0.681,1.239,9.98,9.97,0.25,85.38,1.9,1.9,0.0,-0.376,0.657,-42.92,48.53,AUDI,False,,,
15,12.05,0.677,1.131,10.65,10.64,0.31,81.26,5.1,5.1,3.2,-0.102,0.657,-42.25,48.51,AUDI,False,,,
16,12.64,0.647,1.082,11.3,11.29,0.36,78.26,4.6,4.6,-0.5,-0.813,0.657,-41.6,48.49,AUDI,False,,,
17,13.27,0.696,1.103,12.0,11.98,0.42,80.33,4.4,4.4,-0.2,-0.105,0.657,-40.91,48.47,AUDI,False,,,
18,14.73,0.459,0.353,12.46,12.44,0.43,80.47,1.9,1.9,-2.6,-0.183,0.657,-40.45,48.43,AUDI,False,,,
19,15.3,0.673,1.189,13.13,13.11,0.45,82.96,1.6,1.6,-0.3,0.233,0.657,-39.78,48.38,AUDI,False,,,
20,15.86,0.649,1.147,13.78,13.76,0.47,87.2,1.6,1.6,-0.0,-0.32,0.657,-39.13,48.33,AUDI,False,,,
21,16.39,0.69,1.294,14.47,14.45,0.52,89.48,4.0,4.0,2.5,0.26,0.657,-38.44,48.3,AUDI,False,,,
22,16.91,0.731,1.413,15.2,15.18,0.56,90.59,3.5,3.5,-0.5,-0.068,0.657,-37.71,48.26,AUDI,False,,,
23,18.12,0.478,0.394,15.68,15.65,0.6,92.04,5.2,5.2,1.7,-0.632,0.657,-37.24,48.25,AUDI,False,,,
24,18.59,0.722,1.541,16.4,16.37,0.67,91.0,5.1,5.1,-0.0,0.523,0.657,-36.52,48.24,AUDI,False,,,
25,19.26,0.645,0.973,17.04,17.02,0.72,94.46,4.7,4.7,-0.4,-0.633,0.657,-35.86,48.22,AUDI,False,,,
26,19.79,0.676,1.267,17.72,17.69,0.77,99.38,4.5,4.5,-0.3,0.14,0.657,-35.19,48.2,AUDI,False,,,
27,20.36,0.797,1.408,18.52,18.48,0.83,102.13,4.1,4.1,-0.4,-0.039,0.657,-34.4,48.17,AUDI,False,,,
28,21.5,0.492,0.428,19.01,18.98,0.86,97.36,3.3,3.3,-0.7,-0.333,0.657,-33.9,48.15,AUDI,False,,,
29,22.04,0.745,1.396,19.75,19.72,0.92,94.78,4.7,4.7,1.4,0.158,0.657,-33.16,48.12,AUDI,False,,,
30,22.65,0.626,1.018,20.38,20.34,0.97,89.47,4.1,4.1,-0.6,-0.219,0.657,-32.54,48.11,AUDI,False,,,
31,23.72,0.5,0.468,20.88,20.84,1.01,87.55,5.4,5.4,1.3,-0.438,0.657,-32.03,48.09,AUDI,False,,,
32,24.22,0.749,1.495,21.63,21.59,1.06,88.68,3.9,3.9,-1.5,0.107,0.657,-31.28,48.06,AUDI,False,,,
33,24.85,0.674,1.069,22.3,22.26,1.07,91.39,0.9,0.9,-3.0,-0.477,0.657,-30.62,47.99,AUDI,False,,,
34,25.41,0.688,1.216,22.99,22.95,1.08,93.76,0.8,0.8,-0.1,0.11,0.657,-29.93,47.93,AUDI,False,,,
35,25.98,0.673,1.189,23.66,23.62,1.07,92.63,358.8,-1.2,-2.0,-0.518,0.657,-29.26,47.85,AUDI,False,,,
36,26.53,0.687,1.25,24.35,24.31,1.07,82.48,0.0,0.0,1.2,0.043,0.657,-28.58,47.77,AUDI,False,,,
37,27.11,0.717,1.234,25.07,25.02,1.11,72.2,3.0,3.0,3.0,-0.408,0.657,-27.87,47.73,AUDI,False,,,
38,27.68,0.639,1.13,25.71,25.66,1.18,69.2,6.4,6.4,3.4,-0.093,0.657,-27.23,47.73,AUDI,False,,,
39,28.44,0.617,0.811,26.32,26.27,1.25,68.55,7.1,7.1,0.7,0.074,0.657,-26.61,47.73,AUDI,False,,,
40,29.34,0.554,0.613,26.88,26.82,1.33,67.45,8.5,8.5,1.4,-0.201,0.657,-26.06,47.75,AUDI,False,,,
41,30.94,0.439,0.337,27.31,27.25,1.41,71.47,10.2,10.2,1.7,0.221,0.657,-25.62,47.79,AUDI,False,,,
42,31.52,0.648,1.115,27.96,27.89,1.52,80.15,9.9,9.9,-0.4,-0.393,0.657,-24.97,47.83,AUDI,False,,,
43,32.96,0.415,0.319,28.38,28.3,1.55,91.79,3.4,3.4,-6.5,-0.007,0.657,-24.56,47.81,AUDI,False,,,
44,33.75,0.56,0.707,28.94,28.86,1.58,92.63,3.2,3.2,-0.1,-0.532,0.657,-24.0,47.78,AUDI,False,,,
45,34.24,0.792,1.633,29.73,29.65,1.61,98.8,2.4,2.4,-0.8,0.312,0.657,-23.21,47.72,AUDI,False,,,
46,35.16,0.482,0.523,30.21,30.14,1.62,98.33,0.7,0.7,-1.7,0.076,0.657,-22.72,47.68,AUDI,False,,,
47,35.92,0.56,0.738,30.77,30.69,1.67,94.44,5.0,5.0,4.3,-0.454,0.657,-22.17,47.67,AUDI,False,,,
48,37.06,0.528,0.46,31.3,31.22,1.71,104.95,4.6,4.6,-0.4,-0.465,0.657,-21.64,47.65,AUDI,False,,,
49,37.57,0.767,1.53,32.07,31.98,1.81,108.34,7.6,7.6,3.0,0.392,0.657,-20.87,47.67,AUDI,False,,,
50,38.78,0.472,0.389,32.54,32.45,1.84,110.49,3.2,3.2,-4.4,0.03,0.657,-20.4,47.64,AUDI,False,,,
51,39.34,0.645,1.14,33.18,33.1,1.86,102.33,1.6,1.6,-1.6,-0.463,0.657,-19.76,47.59,AUDI,False,,,
52,39.88,0.683,1.281,33.87,33.78,1.91,87.91,4.6,4.6,2.9,-0.123,0.657,-19.07,47.57,AUDI,False,,,
53,40.47,0.676,1.13,34.54,34.45,2.01,85.47,8.5,8.5,4.0,-0.558,0.657,-18.4,47.59,AUDI,False,,,
54,41.61,0.453,0.4,35.0,34.89,2.08,92.69,9.1,9.1,0.6,-0.339,0.657,-17.95,47.61,AUDI,False,,,
55,42.14,0.701,1.313,35.7,35.58,2.22,88.01,11.7,11.7,2.5,0.284,0.657,-17.25,47.68,AUDI,False,,,
56,42.71,0.662,1.169,36.36,36.23,2.36,84.19,11.9,11.9,0.3,-0.203,0.657,-16.59,47.75,AUDI,False,,,
57,43.16,0.846,1.87,37.2,37.06,2.51,80.56,10.3,10.3,-1.6,0.089,0.657,-15.75,47.8,AUDI,False,,,
58,43.97,0.637,0.788,37.84,37.69,2.62,80.6,10.1,10.1,-0.3,0.188,0.657,-15.11,47.84,AUDI,True,Junction_2,BGFG,17
59,45.07,0.48,0.436,38.32,38.16,2.71,85.94,10.1,10.1,0.0,0.068,0.657,-14.63,47.88,AUDI,False,,,
60,45.55,0.758,1.563,39.08,38.9,2.86,80.17,11.9,11.9,1.9,-0.017,0.657,-13.88,47.95,AUDI,False,,,
61,46.12,0.667,1.178,39.74,39.55,2.99,69.67,10.5,10.5,-1.4,-0.412,0.657,-13.22,48.01,AUDI,False,,,
62,46.71,0.685,1.145,40.43,40.23,3.11,62.52,10.7,10.7,0.1,0.059,0.657,-12.53,48.05,AUDI,False,,,
63,47.25,0.719,1.348,41.15,40.94,3.24,63.55,10.2,10.2,-0.4,-0.377,0.657,-11.81,48.11,AUDI,False,,,
64,47.72,0.842,1.797,41.99,41.77,3.37,67.52,8.7,8.7,-1.6,-0.101,0.657,-10.97,48.14,AUDI,False,,,
65,48.44,0.627,0.861,42.62,42.38,3.49,63.49,11.5,11.5,2.8,-0.092,0.657,-10.35,48.2,AUDI,False,,,
66,48.96,0.709,1.371,43.33,43.08,3.61,68.48,9.8,9.8,-1.8,-0.079,0.657,-9.64,48.24,AUDI,False,,,
67,49.53,0.701,1.239,44.03,43.77,3.72,68.88,8.9,8.9,-0.9,-0.326,0.657,-8.95,48.27,AUDI,False,,,
68,51.16,0.502,0.386,44.53,44.27,3.8,75.28,8.5,8.5,-0.4,-0.015,0.657,-8.44,48.3,AUDI,False,,,
69,51.68,0.709,1.371,45.24,44.96,3.94,68.74,11.6,11.6,3.2,0.006,0.657,-7.74,48.36,AUDI,False,,,
70,52.21,0.705,1.32,45.94,45.65,4.1,66.46,13.0,13.0,1.4,0.24,0.657,-7.04,48.44,AUDI,False,,,
71,52.86,0.713,1.102,46.66,46.35,4.24,64.99,11.3,11.3,-1.7,0.116,0.657,-6.32,48.51,AUDI,False,,,
72,53.33,0.785,1.676,47.44,47.11,4.42,63.79,13.4,13.4,2.2,-0.028,0.657,-5.55,48.6,AUDI,False,,,
73,54.04,0.71,0.998,48.15,47.8,4.59,71.02,13.9,13.9,0.4,-0.295,0.657,-4.84,48.7,AUDI,False,,,
74,54.54,0.722,1.441,48.87,48.51,4.75,78.68,13.1,13.1,-0.7,0.037,0.657,-4.12,48.78,AUDI,False,,,
75,55.06,0.731,1.413,49.6,49.22,4.93,78.69,13.9,13.9,0.7,-0.344,0.657,-3.4,48.88,AUDI,False,,,
76,55.62,0.67,1.184,50.27,49.86,5.13,72.85,17.3,17.3,3.4,0.151,0.657,-2.74,49.01,AUDI,False,,,
77,56.19,0.794,1.403,51.07,50.61,5.36,67.52,17.4,17.4,0.1,-0.548,0.657,-1.97,49.15,AUDI,False,,,
78,57.32,0.476,0.421,51.54,51.07,5.51,71.06,18.1,18.1,0.7,-0.255,0.657,-1.49,49.25,AUDI,False,,,
79,57.79,0.736,1.57,52.28,51.76,5.75,72.64,19.2,19.2,1.1,0.17,0.657,-0.78,49.41,AUDI,False,,,
80,58.37,0.717,1.232,53.0,52.43,6.02,71.77,21.9,21.9,2.8,-0.248,0.657,-0.09,49.61,AUDI,False,,,
81,58.92,0.641,1.167,53.64,53.03,6.24,72.63,19.8,19.8,-2.1,0.231,0.657,0.53,49.76,AUDI,False,,,
82,59.55,0.668,1.06,54.31,53.66,6.45,72.88,18.0,18.0,-1.8,-0.412,0.657,1.18,49.9,AUDI,False,,,
83,60.07,0.761,1.472,55.07,54.38,6.7,70.16,19.8,19.8,1.7,0.046,0.657,1.93,50.07,AUDI,False,,,
84,60.63,0.687,1.215,55.76,55.03,6.94,68.07,20.3,20.3,0.5,-0.264,0.657,2.6,50.24,AUDI,False,,,
85,61.25,0.635,1.034,56.39,55.62,7.16,65.34,20.0,20.0,-0.3,0.026,0.657,3.21,50.39,AUDI,False,,,
86,62.43,0.511,0.433,56.9,56.09,7.36,64.14,22.9,22.9,2.9,0.169,0.657,3.7,50.54,AUDI,False,,,
87,63.46,0.537,0.519,57.44,56.58,7.58,66.73,24.8,24.8,1.9,-0.205,0.657,4.21,50.71,AUDI,False,,,
88,64.06,0.699,1.174,58.14,57.23,7.84,72.24,21.5,21.5,-3.3,-0.383,0.657,4.88,50.89,AUDI,False,,,
89,64.5,0.75,1.671,58.89,57.93,8.11,69.64,20.8,20.8,-0.7,0.37,0.657,5.61,51.08,AUDI,False,,,
90,65.13,0.67,1.07,59.56,58.56,8.34,59.92,20.3,20.3,-0.4,-0.552,0.657,6.26,51.24,AUDI,False,,,
91,65.65,0.743,1.443,60.3,59.25,8.62,55.79,22.2,22.2,1.9,0.066,0.657,6.98,51.45,AUDI,False,,,
92,66.24,0.59,0.988,60.89,59.8,8.82,55.43,20.2,20.2,-2.0,-0.765,0.657,7.55,51.59,AUDI,False,,,
93,66.74,0.7,1.401,61.59,60.46,9.06,51.57,19.9,19.9,-0.2,0.342,0.657,8.23,51.75,AUDI,False,,,
94,67.36,0.674,1.102,62.26,61.09,9.3,49.17,20.6,20.6,0.6,-0.424,0.657,8.88,51.92,AUDI,False,,,
95,67.86,0.74,1.479,63.0,61.77,9.59,46.82,23.0,23.0,2.4,0.095,0.657,9.59,52.13,AUDI,False,,,
96,68.4,0.699,1.277,63.7,62.43,9.83,50.48,20.3,20.3,-2.7,-0.308,0.657,10.27,52.3,AUDI,False,,,
97,69.55,0.527,0.461,64.23,62.93,10.01,59.86,19.5,19.5,-0.9,-0.445,0.657,10.79,52.43,AUDI,False,,,
98,70.63,0.524,0.486,64.76,63.41,10.21,58.45,22.4,22.4,2.9,-0.443,0.657,11.29,52.57,AUDI,False,,,
99,71.06,0.755,1.734,65.51,64.11,10.49,55.2,22.4,22.4,0.0,0.181,0.657,12.01,52.77,AUDI,False,,,
100,71.67,0.71,1.158,66.22,64.78,10.73,59.45,19.2,19.2,-3.2,-0.469,0.657,12.71,52.94,AUDI,False,,,
101,72.14,0.778,1.661,67.0,65.52,10.96,62.43,17.7,17.7,-1.6,0.374,0.657,13.47,53.09,AUDI,False,,,
102,74.01,0.46,0.354,67.46,65.96,11.11,63.59,18.1,18.1,0.4,0.188,0.657,13.92,53.19,AUDI,False,,,
103,75.04,0.512,0.496,67.97,66.44,11.28,66.59,20.0,20.0,1.9,-0.377,0.657,14.42,53.3,AUDI,False,,,
104,76.19,0.559,0.488,68.53,66.95,11.49,68.21,22.3,22.3,2.3,0.278,0.657,14.95,53.46,AUDI,False,,,
105,76.64,0.73,1.613,69.26,67.62,11.79,65.34,24.2,24.2,1.9,0.096,0.657,15.64,53.68,AUDI,False,,,
106,77.25,0.628,1.023,69.89,68.2,12.04,67.85,23.1,23.1,-1.1,-0.501,0.657,16.25,53.87,AUDI,False,,,
107,77.75,0.746,1.489,70.63,68.88,12.34,68.35,23.9,23.9,0.8,0.165,0.657,16.96,54.09,AUDI,False,,,
108,78.35,0.686,1.149,71.32,69.51,12.6,71.85,22.5,22.5,-1.4,-0.65,0.657,17.61,54.28,AUDI,False,,,
109,79.51,0.492,0.424,71.81,69.97,12.79,76.57,21.6,21.6,-0.9,-0.333,0.657,18.09,54.42,AUDI,False,,,
110,80.03,0.736,1.425,72.55,70.65,13.08,75.47,23.3,23.3,1.6,0.218,0.657,18.8,54.63,AUDI,True,Junction_4,AB017,1
111,80.63,0.652,1.09,73.2,71.25,13.33,75.18,22.5,22.5,-0.8,-0.389,0.657,19.42,54.81,AUDI,False,,,
112,81.22,0.677,1.133,73.87,71.87,13.58,76.79,22.3,22.3,-0.2,0.116,0.657,20.07,54.99,AUDI,False,,,
113,81.76,0.763,1.432,74.64,72.59,13.86,79.37,21.0,21.0,-1.2,-0.479,0.657,20.81,55.19,AUDI,False,,,
114,82.27,0.672,1.299,75.31,73.21,14.11,78.3,22.3,22.3,1.3,0.012,0.657,21.46,55.37,AUDI,False,,,
115,82.89,0.711,1.157,76.02,73.87,14.37,75.51,21.7,21.7,-0.6,-0.55,0.657,22.14,55.56,AUDI,False,,,
116,83.41,0.719,1.389,76.74,74.53,14.65,70.86,22.7,22.7,0.9,-0.036,0.657,22.83,55.77,AUDI,False,,,
117,83.97,0.717,1.268,77.46,75.19,14.94,69.51,23.4,23.4,0.7,-0.301,0.657,23.51,55.98,AUDI,False,,,
118,84.54,0.657,1.16,78.11,75.79,15.21,68.17,24.8,24.8,1.5,0.074,0.657,24.14,56.18,AUDI,False,,,
119,85.12,0.685,1.177,78.8,76.4,15.51,65.46,25.5,25.5,0.7,-0.494,0.657,24.78,56.42,AUDI,False,,,
120,85.73,0.683,1.112,79.48,77.02,15.8,62.16,25.7,25.7,0.2,0.223,0.657,25.43,56.64,AUDI,False,,,
121,86.25,0.717,1.387,80.2,77.67,16.11,59.42,25.2,25.2,-0.5,-0.389,0.657,26.11,56.87,AUDI,False,,,
122,87.4,0.477,0.415,80.67,78.09,16.33,54.81,27.4,27.4,2.2,-0.584,0.657,26.55,57.05,AUDI,False,,,
123,87.95,0.728,1.325,81.4,78.76,16.63,60.48,24.4,24.4,-3.0,-0.075,0.657,27.25,57.27,AUDI,False,,,
124,88.58,0.699,1.109,82.1,79.4,16.89,68.04,22.4,22.4,-2.0,-0.346,0.657,27.91,57.46,AUDI,False,,,
125,89.13,0.705,1.281,82.81,80.06,17.15,74.1,21.1,21.1,-1.3,0.123,0.657,28.6,57.65,AUDI,False,,,
126,89.71,0.672,1.154,83.48,80.7,17.36,75.29,18.0,18.0,-3.1,-0.464,0.657,29.26,57.78,AUDI,False,,,
127,90.31,0.678,1.134,84.16,81.35,17.56,76.76,17.5,17.5,-0.4,0.217,0.657,29.92,57.91,AUDI,False,,,
128,90.84,0.7,1.312,84.86,82.0,17.8,75.68,20.2,20.2,2.6,0.119,0.657,30.6,58.08,AUDI,False,,,
