Turn_ID,Start_Step,End_Step,Peak_Turn_Step,Start_Time_s,End_Time_s,Start_Dist_m,End_Dist_m,Start_Heading_deg,End_Heading_deg,Turn_Angle_deg,Turn_Direction,Peak_Gyro_Rate_rad_s,Straight_Segment_Before_Turn_m
Turn_1,4,5,4,2.78,3.55,2.53,3.12,9.3,24.9,23.1,Left,0.527,2.53
Turn_2,17,17,17,11.03,11.03,10.68,10.68,57.5,57.5,19.1,Left,0.524,7.56
Turn_3,19,19,19,12.17,12.17,11.96,11.96,79.1,79.1,20.0,Left,0.457,1.28
Turn_4,59,60,59,36.75,37.31,36.87,37.52,111.6,119.7,26.3,Left,0.785,24.91
Turn_5,77,82,80,48.03,51.01,48.12,50.49,88.0,290.1,-177.3,Right,-1.256,10.61
Turn_6,101,103,103,62.92,63.99,62.11,62.98,311.6,347.9,70.8,Left,0.991,11.62
Turn_7,169,173,170,104.63,107.44,103.13,105.28,18.7,93.1,85.7,Left,0.979,40.15
Turn_8,179,180,180,110.85,111.43,108.93,109.55,93.6,103.5,17.5,Left,0.568,3.64
Turn_9,188,190,190,116.71,117.86,114.41,115.6,116.3,99.8,-25.2,Right,-0.482,4.86
