Room_ID,Time_s,Matched_Step,Brightness,Direction,Trajectory_X,Trajectory_Y,Trajectory_X_rot,Trajectory_Y_rot,Coords_X_rot,Coords_Y_rot,Coords_X,Coords_Y,Door_X_rot,Door_Y_rot,Door_X,Door_Y
Lift,9.006999755859376,10,0.0984251946210861,Left (Both),5.65,-0.27,5.35,1.85,4.43,4.17,5.66,2.23,4.84,3.15,5.66,1.13
Ab 004,9.006999755859376,10,0.0984251946210861,Right (Both),5.65,-0.27,5.35,1.85,6.27,-0.48,5.64,-2.77,5.87,0.54,5.64,-1.67
Staircase,13.012,17,0.8385826945304871,Left,9.6,-0.51,9.1,3.09,8.49,5.51,9.93,1.97,8.76,4.44,9.78,0.88
Ab 005 electrical panel,17.014,24,0.1023622080683708,Left,13.73,-0.82,13.05,4.34,12.19,6.69,13.8,1.68,12.57,5.66,13.77,0.58
Ab 003,21.016,31,0.874015748500824,Right,17.77,-1.01,16.87,5.66,17.62,3.28,17.58,-3.5,17.29,4.33,17.66,-2.4
ATM,26.025,40,0.1299212574958801,Left,23.01,-1.29,21.84,7.35,20.9,9.67,23.0,1.21,21.31,8.65,23.0,0.11
Ab 002,31.022,49,0.8818897604942322,Right,28.43,-1.73,27.04,8.96,27.65,6.54,28.1,-4.2,27.38,7.61,28.25,-3.11
Ab 001,39.033,64,0.1023622080683708,Right,37.61,-2.34,35.79,11.8,36.64,9.45,37.53,-4.83,36.27,10.48,37.57,-3.73
Discussion room,47.038,78,0.8897637724876404,Left,45.42,-3.37,43.42,13.75,42.8,16.17,45.74,-0.89,43.07,15.1,45.6,-1.98
Ab 025,59.046999755859375,99,0.0866141766309738,Right,57.3,-6.51,55.62,15.24,55.68,12.74,56.43,-8.86,55.65,13.84,56.81,-7.83
Ab 024,68.04699975585937,116,0.8976377844810486,Right,66.97,-9.58,65.74,15.99,66.06,13.51,66.35,-12.0,65.92,14.6,66.62,-10.93
Ab 023,77.057,132,0.0708661451935768,Right,76.23,-11.8,75.16,17.37,75.57,14.9,75.7,-14.24,75.39,15.99,75.93,-13.17
Ab 021,80.05900024414062,138,0.9015747904777528,Left,79.82,-12.51,78.75,18.04,78.23,20.48,80.24,-10.05,78.46,19.4,80.05,-11.13
Staircase,MANUAL,143,MANUAL,Left,82.94,-13.19,81.9,18.57,81.48,21.03,83.46,-10.75,81.67,19.95,83.23,-11.83
Lift,MANUAL,154,MANUAL,Left (Both),89.21,-14.26,88.12,19.9,87.55,22.34,89.58,-11.79,87.8,21.27,89.42,-12.88
Ab 022 cabins,MANUAL,154,MANUAL,Right (Both),89.21,-14.26,88.12,19.9,88.69,17.47,88.84,-16.73,88.44,18.54,89.0,-15.64
