time,seconds_elapsed,steps
1788675179626815700,-6.616184326171875,0
1788675196445237200,10.2022373046875,6
1788675197081864400,10.838864501953125,7
1788675197639451100,11.396451171875,8
1788675198196641000,11.95364111328125,9
1788675198754166500,12.51116650390625,10
1788675199311570200,13.068570068359374,11
1788675199869492500,13.626492431640624,12
1788675200427660000,14.184659912109375,13
1788675200985277400,14.74227734375,14
1788675201543291100,15.300291015625,15
1788675202101518800,15.858518798828126,16
1788675202659136000,16.416135986328126,17
1788675203297014300,17.05401416015625,18
1788675203854692600,17.611692626953126,19
1788675204411394300,18.168394287109376,20
1788675204967089000,18.7240888671875,21
1788675205522875000,19.279875,22
1788675206158314500,19.915314453125,23
1788675206714345000,20.471344970703125,24
1788675207190724400,20.947724365234375,25
1788675207905262800,21.662262939453125,26
1788675208461445600,22.218445556640624,27
1788675209017475800,22.774475830078124,28
1788675209493733400,23.2507333984375,29
1788675210128834600,23.88583447265625,30
1788675210684681700,24.441681640625,31
1788675211240651000,24.997651123046875,32
1788675211637806800,25.394806884765625,33
1788675212352772600,26.109772705078125,34
1788675212829030000,26.58602978515625,35
1788675213464100600,27.2211005859375,36
1788675214020192000,27.77719189453125,37
1788675214575795000,28.332794921875,38
1788675215131459000,28.888458984375,39
1788675215607838500,29.36483837890625,40
1788675216243214300,30.00021435546875,41
1788675216798970000,30.55597021484375,42
1788675217354786800,31.111786865234375,43
1788675217910697200,31.667697265625,44
1788675218466574800,32.22357495117188,45
1788675219022483000,32.77948291015625,46
1788675219578208000,33.3352080078125,47
1788675220134635000,33.89163500976562,48
1788675220692618500,34.44961840820312,49
1788675221250022100,35.00702221679688,50
1788675221807456300,35.56445629882813,51
1788675222364920800,36.1219208984375,52
1788675222922599000,36.67959887695312,53
1788675223480063500,37.2370634765625,54
1788675224036032800,37.79303271484375,55
1788675224592215800,38.3492158203125,56
1788675225147971300,38.90497143554688,57
1788675225703421700,39.46042163085937,58
1788675226179795200,39.93679516601563,59
1788675226814988000,40.57198803710938,60
1788675227370865700,41.12786572265625,61
1788675227926804500,41.68380444335938,62
1788675228403336400,42.16033642578125,63
1788675229038590200,42.79559008789062,64
1788675229515030800,43.27203076171875,65
1788675230150345700,43.907345703125,66
1788675230706436900,44.46343676757812,67
1788675231341874000,45.0988740234375,68
1788675231818375400,45.57537548828125,69
