Room_ID,Time_s,Matched_Step,Brightness,Direction,Trajectory_X,Trajectory_Y,Trajectory_X_rot,Trajectory_Y_rot,Coords_X_rot,Coords_Y_rot,Coords_X,Coords_Y
Main Audi AB012,9.005,12,0.1220472455024719,Right,-52.3,7.58,-15.91,50.39,-18.28,49.62,-52.63,5.11
Conference room,16.009,24,0.8897637724876404,Left (Both),-45.99,6.46,-14.18,44.22,-11.78,44.93,-45.58,8.92
Discussion room,16.009,24,0.8897637724876404,Right (Both),-45.99,6.46,-14.18,44.22,-16.58,43.51,-46.39,3.99
Vice chancellor,24.016000244140624,39,0.0590551197528839,Left (Both),-37.19,5.29,-11.4,35.79,-9.03,36.59,-36.87,7.77
Vice president,24.016000244140624,39,0.0590551197528839,Right (Both),-37.19,5.29,-11.4,35.79,-13.77,35.0,-37.5,2.81
Secretary to VC,28.017,46,0.8464567065238953,Left,-33.47,4.75,-10.27,32.21,-7.91,33.03,-33.18,7.23
Chancelor,35.022,59,0.0669291317462921,Right,-25.93,4.18,-7.51,25.17,-9.83,24.24,-26.11,1.68
Trustee,38.022,64,0.8700787425041199,Right,-22.9,3.84,-6.5,22.29,-8.85,21.43,-23.14,1.35
Admission office AB 026,39.023,66,0.0905511826276779,Left,-21.72,3.68,-6.13,21.16,-3.76,21.94,-21.39,6.16
Waiting room,41.026,69,0.9015747904777528,Left,-20.03,3.49,-5.57,19.56,-3.19,20.34,-19.71,5.97
Staircase,44.027,74,0.0551181100308895,Right,-17.06,3.11,-4.62,16.72,-7.0,15.95,-17.41,0.63
Corridor,50.031,85,0.8818897604942322,Left (Both),-10.97,1.88,-3.08,10.7,-0.66,11.34,-10.5,4.34
Corridor,50.031,85,0.8818897604942322,Right (Both),-10.97,1.88,-3.08,10.7,-5.49,10.05,-11.44,-0.57
Reception,56.046,96,0.078740157186985,Left (Both),-4.39,1.0,-1.01,4.39,1.35,5.22,-4.11,3.49
Reception,56.046,96,0.078740157186985,Right (Both),-4.39,1.0,-1.01,4.39,-3.36,3.56,-4.66,-1.48
