Room_ID,Time_s,Matched_Step,Brightness,Direction,Coords,Trajectory_X,Trajectory_Y
Lift,9.006999755859376,10,0.0984251946210861,Left (Both),"[(np.float64(5.6628718593599485), np.float64(2.228306091963851))]",5.652243830728239,-0.271671316935558
Ab 004,9.006999755859376,10,0.0984251946210861,Right (Both),"[(np.float64(5.64161580209653), np.float64(-2.7716487258349676))]",5.652243830728239,-0.271671316935558
Staircase,13.012,17,0.8385826945304871,Left,"[(np.float64(9.927824377437895), np.float64(1.966187540500616))]",9.60131404342972,-0.512398952197565
Ab 005 electrical panel,17.014,24,0.1023622080683708,Left,"[(np.float64(13.80400756532442), np.float64(1.6809618820223293))]",13.726537364706903,-0.8178375032857993
Ab 003,21.016,31,0.874015748500824,Right,"[(np.float64(17.5799736287596), np.float64(-3.5021919982379055))]",17.771578624036113,-1.0095453073117546
ATM,26.025,40,0.1299212574958801,Left,"[(np.float64(22.99674667558754), np.float64(1.2125867927238712))]",23.014183624702344,-1.2873523970976668
Ab 002,31.022,49,0.8818897604942322,Right,"[(np.float64(28.101810495367353), np.float64(-4.204823978678268))]",28.430150446531364,-1.7264791930462091
Ab 001,39.033,64,0.1023622080683708,Right,"[(np.float64(37.52703976781831), np.float64(-4.834505250569618))]",37.60606425686204,-2.335754536686504
Discussion room,47.038,78,0.8897637724876404,Left,"[(np.float64(45.74433183103513), np.float64(-0.8875761024652307))]",45.42347561225802,-3.366900866765392
Ab 025,59.046999755859375,99,0.0866141766309738,Right,"[(np.float64(56.4255846945953), np.float64(-8.856272769251092))]",57.29670961334085,-6.512954315446626
Ab 024,68.04699975585937,116,0.8976377844810486,Right,"[(np.float64(66.35060580793127), np.float64(-11.999740363825666))]",66.97285210667863,-9.578416440081629
Ab 023,77.057,132,0.0708661451935768,Right,"[(np.float64(75.701700937727), np.float64(-14.243249169456703))]",76.22995125653443,-11.799696100526168
Ab 021,80.05900024414062,138,0.9015747904777528,Left,"[(np.float64(80.2398276243434), np.float64(-10.048771569010551))]",79.81937646856062,-12.51316212766819
Staircase,MANUAL,143,MANUAL,Left,"[(np.float64(83.46404640725956), np.float64(-10.745541908103483))]",82.94,-13.19
Lift,MANUAL,154,MANUAL,Left (Both),"[(np.float64(89.58383835860927), np.float64(-11.788109047382486))]",89.21,-14.26
Ab 022 cabins,MANUAL,154,MANUAL,Right (Both),"[(np.float64(88.83616164139072), np.float64(-16.731890952617515))]",89.21,-14.26
