Room_ID,Matched_Step,Direction,Trajectory_X_rot,Trajectory_Y_rot,Coords_X_rot,Coords_Y_rot,Path_ID
Main Audi AB012,12,Right,-15.91,50.39,-27.72,50.22,BGFG
Conference room,24,Left (Both),-14.18,44.22,-11.78,44.93,BGFG
Discussion room,24,Right (Both),-14.18,44.22,-16.58,43.51,BGFG
Vice chancellor,39,Left (Both),-11.4,35.79,-9.03,36.59,BGFG
Vice president,39,Right (Both),-11.4,35.79,-13.77,35.0,BGFG
Secretary to VC,46,Left,-10.27,32.21,-7.91,33.03,BGFG
Chancelor,59,Right,-7.51,25.17,-9.83,24.24,BGFG
Trustee,64,Right,-6.5,22.29,-8.85,21.43,BGFG
Admission office AB 026,66,Left,-6.13,21.16,-3.76,21.94,BGFG
Waiting room,69,Left,-5.57,19.56,-3.19,20.34,BGFG
Staircase,74,Right,-4.62,16.72,-7.0,15.95,BGFG
Reception,96,Left (Both),-1.01,4.39,1.35,5.22,BGFG
Reception,96,Right (Both),-1.01,4.39,-3.36,3.56,BGFG
Lift,10,Left (Both),-44.13,-1.770000000000001,-45.05,0.5499999999999989,DLHB
Ab 004,10,Right (Both),-44.13,-1.770000000000001,-43.21,-4.100000000000001,DLHB
Staircase,17,Left,-40.38,-0.5300000000000011,-40.99,1.8899999999999988,DLHB
Ab 005 electrical panel,24,Left,-36.42999999999999,0.7199999999999989,-37.29,3.0699999999999994,DLHB
Ab 003,31,Right,-32.61,2.039999999999999,-31.86,-0.3400000000000012,DLHB
ATM,40,Left,-27.64,3.729999999999999,-28.58,6.049999999999999,DLHB
Ab 002,49,Right,-22.44,5.34,-21.83,2.919999999999999,DLHB
Ab 001,64,Right,-13.689999999999998,8.18,-12.839999999999996,5.829999999999998,DLHB
Discussion room,78,Left,-6.059999999999995,10.13,-6.68,12.55,DLHB
Ab 025,99,Right,6.140000000000001,11.62,6.200000000000003,9.12,DLHB
Ab 024,116,Right,16.259999999999998,12.37,16.580000000000005,9.89,DLHB
Ab 023,132,Right,25.68,13.75,26.09,11.28,DLHB
Ab 021,138,Left,29.270000000000003,14.419999999999998,28.750000000000007,16.86,DLHB
Staircase,143,Left,32.42000000000001,14.95,32.00000000000001,17.41,DLHB
Lift,154,Left (Both),38.64000000000001,16.279999999999998,38.07,18.72,DLHB
Ab 022 cabins,154,Right (Both),38.64000000000001,16.279999999999998,39.21,13.849999999999998,DLHB
AB017 Cabin,4,Right,19.44,52.12,17.17,51.1,AB017
AB018 B - Gents Washroom,24,Left,24.17,38.58,26.54,39.35,AB017
AB019 Cabin,43,Left,26.23,25.25,28.72,25.42,AB017
AB018 A - Ladies Washroom,21,Left,23.56,40.57,25.95,41.32,AB017
Lift,8,Right,-47.28,48.81,-47.54,46.32,AUDI
Audi backdoor,18,Left (Both),-40.45,48.44,-40.26,50.93,AUDI
Stair,18,Right (Both),-40.45,48.44,-40.64,45.94,AUDI
Ab011 music room,22,Right,-37.71,48.26,-37.83,45.77,AUDI
Ab013 board room,78,Left,-1.5,49.25,-2.01,51.7,AUDI
Ab014 audi 2,87,Left,4.21,50.71,3.42,53.08,AUDI
Stairs,114,Right,21.45,55.38,22.14,52.97,AUDI
Ab015 dsw office,122,Left,26.55,57.04,25.65,59.38,AUDI
AB-010,5,Left,-34.66,45.73,-32.31,44.88,BANK
AB009 Washroom,18,Right,-36.4,36.48,-38.86,36.94,BANK
AB008 Storage,31,Right,-37.76,27.01,-40.24,27.34,BANK
AB007 Computer Science,46,Right,-36.25,16.01,-38.74,15.78,BANK
AB006 Bank,58,Left,-33.82,6.82,-31.33,7.09,BANK
