Step,Magnetic_Heading_deg,Gyro_Heading_deg,Gyro_Heading_Unwrapped_deg,Heading_Change_deg,Gyro_Rate_rad_s,X_rot,Y_rot,Cumulative_Distance_Rot_m,Path_ID,Is_Intersection,Intersection_ID,Connected_Path,Connected_Step
1,154.23,349.6,-10.4,0.0,0.088,-17.77,56.14,0.0,BGFG,False,,,
2,149.82,353.9,-6.1,4.3,0.675,-17.6,55.66,0.51,BGFG,False,,,
3,149.81,354.4,-5.6,0.5,-0.306,-17.44,55.22,0.98,BGFG,False,,,
4,154.25,355.7,-4.3,1.4,0.405,-17.24,54.71,1.53,BGFG,False,,,
5,158.49,352.8,-7.2,-2.9,-0.652,-17.07,54.22,2.04,BGFG,False,,,
6,162.42,351.9,-8.1,-0.9,0.223,-16.9,53.68,2.61,BGFG,False,,,
7,163.21,349.3,-10.7,-2.6,-0.247,-16.75,53.09,3.22,BGFG,False,,,
8,161.9,351.2,-8.8,1.9,0.336,-16.59,52.58,3.75,BGFG,False,,,
9,161.42,349.3,-10.7,-2.0,-0.498,-16.44,52.01,4.34,BGFG,False,,,
10,159.41,351.1,-8.9,1.8,0.272,-16.26,51.47,4.91,BGFG,False,,,
11,155.13,353.4,-6.6,2.3,-0.264,-16.09,50.94,5.47,BGFG,False,,,
12,154.52,352.3,-7.7,-1.2,0.147,-15.91,50.39,6.05,BGFG,False,,,
13,154.94,351.1,-8.9,-1.1,-0.554,-15.74,49.82,6.64,BGFG,False,,,
14,152.11,352.8,-7.2,1.7,0.139,-15.57,49.35,7.14,BGFG,False,,,
15,152.52,352.0,-8.0,-0.8,-0.631,-15.41,48.82,7.7,BGFG,False,,,
16,151.03,352.6,-7.4,0.6,0.278,-15.25,48.35,8.19,BGFG,False,,,
17,152.98,349.5,-10.5,-3.1,-0.479,-15.11,47.84,8.72,BGFG,True,Junction_2,AUDI,58.0
18,152.1,349.7,-10.3,0.2,0.154,-14.96,47.3,9.28,BGFG,False,,,
19,155.84,347.6,-12.4,-2.1,-0.488,-14.84,46.79,9.81,BGFG,False,,,
20,155.02,349.9,-10.1,2.3,0.435,-14.71,46.34,10.27,BGFG,False,,,
21,155.7,347.3,-12.7,-2.6,-0.253,-14.59,45.82,10.81,BGFG,False,,,
22,153.68,348.9,-11.1,1.6,0.211,-14.45,45.27,11.37,BGFG,False,,,
23,156.55,346.5,-13.5,-2.4,-0.214,-14.33,44.73,11.93,BGFG,False,,,
24,155.69,350.7,-9.3,4.2,0.278,-14.18,44.22,12.46,BGFG,False,,,
25,162.92,347.2,-12.8,-3.5,-0.496,-14.06,43.67,13.02,BGFG,False,,,
26,165.34,347.9,-12.1,0.7,0.602,-13.91,43.08,13.63,BGFG,False,,,
27,165.52,350.5,-9.5,2.6,-0.272,-13.74,42.5,14.24,BGFG,False,,,
28,164.69,353.5,-6.5,3.0,0.535,-13.54,41.94,14.83,BGFG,False,,,
29,167.85,351.4,-8.6,-2.1,-0.281,-13.38,41.4,15.39,BGFG,False,,,
30,165.64,352.9,-7.1,1.5,0.393,-13.21,40.91,15.91,BGFG,False,,,
31,165.35,352.3,-7.7,-0.6,-0.326,-13.04,40.38,16.47,BGFG,False,,,
32,164.28,353.1,-6.9,0.8,0.547,-12.85,39.81,17.07,BGFG,False,,,
33,166.29,353.2,-6.8,0.1,-0.223,-12.65,39.25,17.66,BGFG,False,,,
34,170.73,353.8,-6.2,0.6,0.422,-12.46,38.72,18.23,BGFG,False,,,
35,174.34,354.0,-6.0,0.2,-0.191,-12.24,38.11,18.88,BGFG,False,,,
36,176.45,356.4,-3.6,2.5,0.429,-12.03,37.59,19.44,BGFG,False,,,
37,176.59,354.1,-5.9,-2.3,-0.446,-11.81,36.98,20.08,BGFG,False,,,
38,175.97,353.9,-6.1,-0.2,0.045,-11.61,36.39,20.71,BGFG,False,,,
39,177.21,352.7,-7.3,-1.2,-0.245,-11.4,35.79,21.34,BGFG,False,,,
40,179.31,352.9,-7.1,0.2,-0.269,-11.2,35.2,21.97,BGFG,False,,,
41,183.07,350.1,-9.9,-2.8,-0.889,-11.09,34.81,22.37,BGFG,False,,,
42,184.43,351.4,-8.6,1.2,0.15,-10.91,34.24,22.97,BGFG,False,,,
43,184.45,349.8,-10.2,-1.5,-0.645,-10.78,33.76,23.47,BGFG,False,,,
44,180.59,352.6,-7.4,2.8,0.059,-10.61,33.24,24.01,BGFG,False,,,
45,179.61,350.5,-9.5,-2.1,-0.646,-10.46,32.74,24.54,BGFG,False,,,
46,174.03,353.4,-6.6,2.9,0.178,-10.27,32.21,25.1,BGFG,False,,,
47,174.25,350.9,-9.1,-2.6,-0.549,-10.12,31.71,25.62,BGFG,False,,,
48,173.71,351.1,-8.9,0.2,0.36,-9.99,31.25,26.1,BGFG,False,,,
49,172.66,350.6,-9.4,-0.5,-0.437,-9.84,30.76,26.61,BGFG,False,,,
50,168.96,353.9,-6.1,3.3,0.578,-9.65,30.23,27.17,BGFG,False,,,
51,164.55,356.8,-3.2,2.9,-0.33,-9.41,29.65,27.8,BGFG,False,,,
52,164.34,355.8,-4.2,-1.1,0.317,-9.21,29.13,28.36,BGFG,False,,,
53,164.57,356.2,-3.8,0.4,-0.318,-8.98,28.57,28.96,BGFG,False,,,
54,159.25,359.6,-0.4,3.4,0.285,-8.72,28.03,29.56,BGFG,False,,,
55,160.69,357.7,-2.3,-1.9,-0.426,-8.47,27.47,30.18,BGFG,False,,,
56,159.66,358.7,-1.3,1.0,0.18,-8.22,26.9,30.8,BGFG,False,,,
57,161.21,355.8,-4.2,-2.9,-0.462,-7.99,26.33,31.41,BGFG,False,,,
58,158.24,357.8,-2.2,2.0,0.193,-7.73,25.73,32.07,BGFG,False,,,
59,157.98,355.8,-4.2,-2.0,-0.5,-7.51,25.17,32.67,BGFG,False,,,
60,157.76,354.4,-5.6,-1.4,0.167,-7.32,24.63,33.24,BGFG,False,,,
61,156.57,351.1,-8.9,-3.3,-0.215,-7.14,24.03,33.87,BGFG,False,,,
62,152.04,354.9,-5.1,3.9,0.384,-6.92,23.47,34.47,BGFG,False,,,
63,152.63,353.2,-6.8,-1.8,-0.401,-6.71,22.85,35.13,BGFG,False,,,
64,148.66,354.4,-5.6,1.3,0.264,-6.5,22.29,35.72,BGFG,False,,,
65,147.89,352.3,-7.7,-2.2,-0.403,-6.31,21.7,36.34,BGFG,False,,,
66,143.96,352.5,-7.5,0.3,0.354,-6.13,21.16,36.91,BGFG,False,,,
67,143.2,353.7,-6.3,1.2,-0.402,-5.96,20.67,37.43,BGFG,False,,,
68,146.22,354.3,-5.7,0.6,0.502,-5.75,20.09,38.05,BGFG,False,,,
69,150.92,352.6,-7.4,-1.7,-0.21,-5.57,19.56,38.61,BGFG,False,,,
70,156.1,352.6,-7.4,0.0,0.304,-5.38,18.98,39.22,BGFG,False,,,
71,159.21,353.0,-7.0,0.4,-0.25,-5.18,18.39,39.84,BGFG,False,,,
72,160.84,353.8,-6.2,0.7,0.526,-4.99,17.85,40.41,BGFG,False,,,
73,164.29,352.3,-7.7,-1.4,-0.163,-4.81,17.29,41.0,BGFG,False,,,
74,165.28,351.9,-8.1,-0.4,0.419,-4.62,16.72,41.6,BGFG,False,,,
75,165.11,352.9,-7.1,1.0,-0.36,-4.42,16.15,42.21,BGFG,False,,,
76,170.46,349.0,-11.0,-4.0,0.475,-4.28,15.59,42.78,BGFG,False,,,
77,171.68,348.1,-11.9,-0.8,-0.323,-4.16,15.09,43.3,BGFG,False,,,
78,175.21,345.0,-15.0,-3.2,0.447,-4.06,14.6,43.8,BGFG,False,,,
79,175.37,345.2,-14.8,0.2,-0.437,-3.97,14.09,44.32,BGFG,False,,,
80,171.91,347.4,-12.6,2.2,0.039,-3.84,13.56,44.86,BGFG,False,,,
81,170.91,347.9,-12.1,0.6,-0.226,-3.71,13.01,45.43,BGFG,False,,,
82,167.25,349.6,-10.4,1.6,0.358,-3.55,12.43,46.03,BGFG,False,,,
83,167.11,349.3,-10.7,-0.3,-0.348,-3.39,11.85,46.63,BGFG,False,,,
84,165.16,350.2,-9.8,0.9,0.502,-3.23,11.27,47.23,BGFG,False,,,
85,165.77,349.2,-10.8,-1.0,-0.368,-3.0799999999999983,10.7,47.82,BGFG,True,Junction_1,DLHB,83.0
86,162.73,350.1,-9.9,0.9,0.556,-2.9,10.1,48.45,BGFG,False,,,
87,158.76,350.8,-9.2,0.7,-0.276,-2.74,9.54,49.03,BGFG,False,,,
88,155.35,352.6,-7.4,1.8,0.595,-2.55,8.98,49.62,BGFG,False,,,
89,156.47,351.1,-8.9,-1.5,-0.385,-2.36,8.36,50.27,BGFG,False,,,
90,157.24,352.4,-7.6,1.3,0.232,-2.17,7.79,50.87,BGFG,False,,,
91,159.17,351.8,-8.2,-0.6,-0.312,-1.99,7.2,51.49,BGFG,False,,,
92,158.85,353.7,-6.3,1.9,0.412,-1.79,6.62,52.1,BGFG,False,,,
93,158.63,353.3,-6.7,-0.4,-0.219,-1.59,6.06,52.7,BGFG,False,,,
94,157.41,354.8,-5.2,1.5,0.307,-1.4,5.54,53.25,BGFG,False,,,
95,158.77,352.4,-7.6,-2.4,-0.374,-1.21,4.96,53.86,BGFG,False,,,
96,157.64,353.7,-6.3,1.3,0.035,-1.01,4.39,54.46,BGFG,False,,,
97,160.61,348.6,-11.4,-5.1,-0.18,-0.86,3.84,55.03,BGFG,False,,,
98,163.93,346.4,-13.6,-2.1,-0.041,-0.74,3.23,55.66,BGFG,False,,,
99,161.33,347.9,-12.1,1.5,-0.806,-0.62,2.78,56.12,BGFG,False,,,
100,161.83,348.2,-11.8,0.2,0.238,-0.49,2.23,56.69,BGFG,False,,,
101,160.55,346.9,-13.1,-1.3,-0.089,-0.36,1.66,57.27,BGFG,False,,,
102,159.92,348.3,-11.7,1.5,0.458,-0.23,1.15,57.8,BGFG,False,,,
103,163.21,345.3,-14.7,-3.1,-0.116,-0.13,0.61,58.35,BGFG,False,,,
104,161.16,345.7,-14.3,0.5,0.501,0.0,0.0,58.97,BGFG,False,,,
1,68.19,354.7,-5.3,0.0,0.031,-48.88,-3.450000000000001,0.0,DLHB,False,,,
2,60.11,358.5,-1.5,3.9,0.268,-48.28,-3.220000000000001,0.64,DLHB,False,,,
3,61.45,357.9,-2.1,-0.6,-0.151,-47.8,-3.050000000000001,1.15,DLHB,False,,,
4,58.07,359.5,-0.5,1.6,0.354,-47.31,-2.860000000000001,1.68,DLHB,False,,,
5,60.99,357.4,-2.6,-2.1,-0.36,-46.76,-2.660000000000001,2.26,DLHB,False,,,
6,60.69,357.8,-2.2,0.3,0.206,-46.3,-2.500000000000001,2.75,DLHB,False,,,
7,62.96,355.4,-4.6,-2.4,-0.194,-45.79,-2.3400000000000007,3.28,DLHB,False,,,
8,60.11,356.3,-3.7,0.9,0.082,-45.24,-2.160000000000001,3.86,DLHB,False,,,
9,61.88,355.6,-4.4,-0.7,-0.33,-44.65,-1.980000000000001,4.48,DLHB,False,,,
10,57.59,359.8,-0.2,4.2,0.415,-44.13,-1.770000000000001,5.04,DLHB,False,,,
11,60.74,358.2,-1.8,-1.6,-0.284,-43.62,-1.5900000000000012,5.58,DLHB,False,,,
12,60.17,357.7,-2.3,-0.4,0.074,-43.05,-1.3800000000000008,6.19,DLHB,False,,,
13,59.38,357.0,-3.0,-0.7,-0.202,-42.5,-1.1900000000000008,6.77,DLHB,False,,,
14,57.55,357.4,-2.6,0.4,0.222,-41.97,-1.0100000000000011,7.33,DLHB,False,,,
15,60.48,355.2,-4.8,-2.2,-0.238,-41.45,-0.850000000000001,7.87,DLHB,False,,,
16,57.55,357.4,-2.6,2.2,0.136,-40.91,-0.6700000000000008,8.44,DLHB,False,,,
17,60.39,352.5,-7.5,-4.9,-0.115,-40.38,-0.5300000000000011,8.99,DLHB,False,,,
18,56.42,355.7,-4.3,3.2,0.434,-39.8,-0.350000000000001,9.6,DLHB,False,,,
19,58.09,352.1,-7.9,-3.6,-0.396,-39.22,-0.2100000000000008,10.2,DLHB,False,,,
20,51.72,356.9,-3.1,4.8,-0.015,-38.66,-0.0100000000000011,10.79,DLHB,False,,,
21,49.87,355.3,-4.7,-1.6,-0.158,-38.09,0.1599999999999988,11.39,DLHB,False,,,
22,47.65,357.5,-2.5,2.2,0.268,-37.54,0.3499999999999992,11.97,DLHB,False,,,
23,52.34,354.5,-5.5,-3.0,-0.313,-37.0,0.5099999999999989,12.53,DLHB,False,,,
24,48.35,358.2,-1.8,3.8,0.265,-36.42999999999999,0.7199999999999989,13.14,DLHB,False,,,
25,50.18,357.2,-2.8,-1.0,-0.336,-35.919999999999995,0.8999999999999986,13.68,DLHB,False,,,
26,48.22,358.1,-1.9,0.9,0.299,-35.4,1.089999999999999,14.23,DLHB,False,,,
27,49.23,357.0,-3.0,-1.1,-0.342,-34.84,1.2799999999999994,14.82,DLHB,False,,,
28,49.11,357.8,-2.2,0.8,0.114,-34.22,1.4999999999999991,15.48,DLHB,False,,,
29,52.1,356.6,-3.4,-1.2,-0.22,-33.69,1.6799999999999988,16.04,DLHB,False,,,
30,48.42,358.8,-1.2,2.2,0.37,-33.19,1.86,16.57,DLHB,False,,,
31,50.41,355.6,-4.4,-3.2,-0.331,-32.61,2.04,17.18,DLHB,True,Junction_4,BANK,64.0
32,49.37,357.6,-2.4,2.0,0.428,-32.02,2.249999999999999,17.81,DLHB,False,,,
33,51.97,354.9,-5.1,-2.7,-0.244,-31.51,2.41,18.34,DLHB,False,,,
34,57.17,355.5,-4.5,0.6,0.107,-30.969999999999995,2.5699999999999994,18.9,DLHB,False,,,
35,61.57,354.2,-5.8,-1.3,-0.19,-30.379999999999995,2.74,19.52,DLHB,False,,,
36,62.06,359.1,-0.9,4.9,0.488,-29.83,2.95,20.11,DLHB,False,,,
37,63.77,357.6,-2.4,-1.5,-0.457,-29.23,3.16,20.74,DLHB,False,,,
38,61.08,358.4,-1.6,0.8,0.269,-28.7,3.3599999999999994,21.31,DLHB,False,,,
39,66.58,355.2,-4.8,-3.2,-0.303,-28.12,3.539999999999999,21.92,DLHB,False,,,
40,54.29,0.4,0.4,5.2,0.343,-27.64,3.729999999999999,22.43,DLHB,False,,,
41,56.45,355.4,-4.6,-5.0,-0.415,-27.02,3.919999999999999,23.08,DLHB,False,,,
42,51.16,356.4,-3.6,1.0,0.048,-26.469999999999995,4.109999999999999,23.66,DLHB,False,,,
43,48.98,356.8,-3.2,0.4,-0.175,-25.95,4.289999999999999,24.21,DLHB,False,,,
44,45.65,357.4,-2.6,0.5,0.141,-25.379999999999995,4.489999999999998,24.82,DLHB,False,,,
45,52.42,354.6,-5.4,-2.8,-0.275,-24.77,4.659999999999998,25.45,DLHB,False,,,
46,53.91,355.5,-4.5,1.0,0.333,-24.19,4.84,26.06,DLHB,False,,,
47,57.38,354.2,-5.8,-1.3,-0.386,-23.66,4.989999999999998,26.61,DLHB,False,,,
48,54.38,355.8,-4.2,1.6,0.312,-23.08,5.18,27.22,DLHB,False,,,
49,58.41,352.5,-7.5,-3.3,-0.361,-22.44,5.34,27.88,DLHB,False,,,
50,61.2,355.3,-4.7,2.9,0.483,-21.87,5.51,28.47,DLHB,False,,,
51,70.28,352.9,-7.1,-2.4,-0.279,-21.3,5.659999999999998,29.06,DLHB,False,,,
52,68.37,355.5,-4.5,2.7,0.271,-20.69,5.85,29.7,DLHB,False,,,
53,65.88,354.0,-6.0,-1.5,-0.298,-20.08,6.029999999999999,30.34,DLHB,False,,,
54,58.11,356.7,-3.3,2.7,0.495,-19.51,6.219999999999999,30.94,DLHB,False,,,
55,59.1,355.8,-4.2,-0.9,-0.363,-18.94,6.399999999999999,31.54,DLHB,False,,,
56,58.75,356.8,-3.2,1.0,0.237,-18.4,6.579999999999998,32.11,DLHB,False,,,
57,60.53,355.7,-4.3,-1.1,-0.203,-17.83,6.76,32.7,DLHB,False,,,
58,55.84,358.3,-1.7,2.6,0.381,-17.25,6.969999999999999,33.32,DLHB,False,,,
59,57.45,355.1,-4.9,-3.2,-0.255,-16.65,7.159999999999998,33.95,DLHB,False,,,
60,53.98,357.4,-2.6,2.3,0.285,-16.07,7.359999999999999,34.56,DLHB,False,,,
61,55.27,356.9,-3.1,-0.6,-0.511,-15.5,7.549999999999999,35.16,DLHB,False,,,
62,52.05,359.2,-0.8,2.4,0.43,-14.919999999999996,7.779999999999999,35.79,DLHB,False,,,
63,56.82,355.1,-4.9,-4.1,-0.339,-14.299999999999995,7.959999999999999,36.43,DLHB,False,,,
64,53.26,358.2,-1.8,3.1,0.303,-13.689999999999998,8.18,37.08,DLHB,False,,,
65,53.26,357.1,-2.9,-1.1,-0.456,-13.119999999999996,8.379999999999999,37.69,DLHB,False,,,
66,48.93,2.5,2.5,5.4,0.446,-12.559999999999995,8.629999999999999,38.3,DLHB,False,,,
67,55.88,358.9,-1.1,-3.6,-0.197,-12.089999999999996,8.809999999999999,38.8,DLHB,False,,,
68,55.55,357.4,-2.6,-1.5,-0.044,-11.619999999999996,8.979999999999999,39.3,DLHB,False,,,
69,68.04,351.7,-8.3,-5.7,-0.284,-11.129999999999995,9.1,39.81,DLHB,False,,,
70,75.9,350.7,-9.3,-1.0,0.421,-10.509999999999998,9.23,40.44,DLHB,False,,,
71,76.49,349.0,-11.0,-1.7,-0.324,-9.949999999999996,9.329999999999998,41.01,DLHB,False,,,
72,73.95,350.4,-9.6,1.4,0.261,-9.4,9.46,41.57,DLHB,False,,,
73,76.7,346.9,-13.1,-3.5,-0.213,-8.869999999999997,9.54,42.11,DLHB,False,,,
74,76.45,345.8,-14.2,-1.2,0.767,-8.32,9.61,42.66,DLHB,False,,,
75,77.6,347.0,-13.0,1.3,-0.202,-7.699999999999996,9.71,43.29,DLHB,False,,,
76,73.51,352.4,-7.6,5.3,0.464,-7.149999999999999,9.85,43.86,DLHB,False,,,
77,72.89,352.7,-7.3,0.3,-0.119,-6.659999999999997,9.97,44.36,DLHB,False,,,
78,69.2,352.6,-7.4,-0.1,-0.208,-6.059999999999995,10.13,44.99,DLHB,False,,,
79,68.76,350.6,-9.4,-2.0,-0.435,-5.459999999999994,10.26,45.6,DLHB,False,,,
80,68.03,350.2,-9.8,-0.4,0.367,-4.829999999999998,10.39,46.24,DLHB,False,,,
81,70.63,347.7,-12.3,-2.5,-0.307,-4.219999999999999,10.489999999999998,46.86,DLHB,False,,,
82,70.46,350.0,-10.0,2.3,0.4,-3.6699999999999946,10.62,47.43,DLHB,False,,,
83,72.3,346.8,-13.2,-3.1,-0.378,-3.0799999999999983,10.7,48.02,DLHB,True,Junction_1,BGFG,85.0
84,69.81,348.3,-11.7,1.5,0.403,-2.489999999999995,10.81,48.62,DLHB,False,,,
85,67.25,346.6,-13.4,-1.7,-0.473,-1.9099999999999968,10.89,49.21,DLHB,False,,,
86,63.09,347.9,-12.1,1.3,0.333,-1.3099999999999952,10.989999999999998,49.82,DLHB,False,,,
87,61.63,346.1,-13.9,-1.8,-0.16,-0.7399999999999949,11.07,50.39,DLHB,False,,,
88,61.85,347.0,-13.0,0.9,0.353,-0.1399999999999934,11.169999999999998,51.0,DLHB,False,,,
89,62.53,344.4,-15.6,-2.6,-0.71,0.4000000000000057,11.23,51.54,DLHB,False,,,
90,60.58,345.0,-15.0,0.5,0.348,0.980000000000004,11.3,52.13,DLHB,False,,,
91,60.22,343.2,-16.8,-1.8,-0.239,1.5800000000000054,11.35,52.73,DLHB,False,,,
92,57.15,343.6,-16.4,0.4,0.376,2.200000000000003,11.4,53.35,DLHB,False,,,
93,52.62,343.2,-16.8,-0.3,-0.251,2.760000000000005,11.46,53.91,DLHB,False,,,
94,44.61,343.6,-16.4,0.4,0.379,3.3100000000000023,11.51,54.47,DLHB,False,,,
95,97.33,341.0,-19.0,-2.6,-0.431,3.860000000000007,11.53,55.02,DLHB,False,,,
96,129.66,341.0,-19.0,-0.0,0.365,4.470000000000006,11.56,55.63,DLHB,False,,,
97,121.19,339.7,-20.3,-1.3,-0.235,5.0,11.579999999999998,56.16,DLHB,False,,,
98,114.96,341.1,-18.9,1.4,0.384,5.540000000000006,11.6,56.7,DLHB,False,,,
99,108.84,339.6,-20.4,-1.5,-0.285,6.140000000000001,11.62,57.3,DLHB,False,,,
100,102.54,340.8,-19.2,1.2,0.358,6.75,11.65,57.91,DLHB,False,,,
101,89.83,342.9,-17.1,2.0,-0.169,7.370000000000003,11.7,58.53,DLHB,False,,,
102,78.2,344.7,-15.3,1.8,0.447,7.950000000000003,11.77,59.12,DLHB,False,,,
103,78.55,343.2,-16.8,-1.5,-0.197,8.540000000000006,11.82,59.71,DLHB,False,,,
104,76.27,342.5,-17.5,-0.7,0.12,9.150000000000006,11.86,60.32,DLHB,False,,,
105,75.64,340.7,-19.3,-1.8,-0.612,9.78,11.89,60.95,DLHB,False,,,
106,75.3,341.6,-18.4,0.9,0.393,10.360000000000008,11.919999999999998,61.53,DLHB,False,,,
107,79.24,339.4,-20.6,-2.2,-0.463,10.980000000000004,11.94,62.15,DLHB,False,,,
108,77.59,341.6,-18.4,2.2,0.442,11.550000000000004,11.97,62.72,DLHB,False,,,
109,81.53,340.4,-19.6,-1.2,-0.29,12.1,11.999999999999998,63.27,DLHB,False,,,
110,81.07,342.8,-17.2,2.4,0.561,12.660000000000004,12.04,63.83,DLHB,False,,,
111,84.19,340.9,-19.1,-1.9,-0.291,13.260000000000003,12.06,64.43,DLHB,False,,,
112,77.29,342.8,-17.2,1.9,0.336,13.82,12.11,65.0,DLHB,False,,,
113,70.37,342.8,-17.2,-0.0,-0.342,14.420000000000002,12.159999999999998,65.6,DLHB,False,,,
114,65.95,344.7,-15.3,1.9,0.35,15.04,12.239999999999998,66.22,DLHB,False,,,
115,70.29,343.9,-16.1,-0.9,-0.397,15.670000000000009,12.29,66.86,DLHB,False,,,
116,74.47,345.6,-14.4,1.7,0.284,16.259999999999998,12.37,67.45,DLHB,False,,,
117,75.54,346.3,-13.7,0.7,-0.313,16.81000000000001,12.45,68.01,DLHB,False,,,
118,70.97,345.8,-14.2,-0.5,0.238,17.42000000000001,12.529999999999998,68.62,DLHB,False,,,
119,73.82,342.6,-17.4,-3.2,-0.36,18.000000000000007,12.57,69.2,DLHB,False,,,
120,76.53,346.6,-13.4,4.0,0.792,18.47000000000001,12.64,69.68,DLHB,False,,,
121,82.11,345.3,-14.7,-1.3,-0.503,19.1,12.72,70.31,DLHB,False,,,
122,80.95,347.5,-12.5,2.2,0.3,19.70000000000001,12.82,70.92,DLHB,False,,,
123,80.09,346.3,-13.7,-1.2,-0.216,20.34,12.919999999999998,71.57,DLHB,False,,,
124,71.86,347.0,-13.0,0.6,0.344,20.910000000000004,13.0,72.15,DLHB,False,,,
125,68.72,345.3,-14.7,-1.7,-0.321,21.550000000000004,13.079999999999998,72.79,DLHB,False,,,
126,63.04,347.8,-12.2,2.5,0.564,22.15,13.189999999999998,73.4,DLHB,False,,,
127,58.92,346.7,-13.3,-1.0,-0.319,22.78000000000001,13.279999999999998,74.04,DLHB,False,,,
128,53.37,348.9,-11.1,2.2,0.492,23.31000000000001,13.38,74.58,DLHB,False,,,
129,64.04,348.2,-11.8,-0.7,-0.255,23.93,13.489999999999998,75.21,DLHB,False,,,
130,67.7,348.3,-11.7,0.2,0.168,24.47000000000001,13.59,75.75,DLHB,False,,,
131,65.15,344.2,-15.8,-4.2,-0.199,25.1,13.65,76.39,DLHB,False,,,
132,44.02,347.8,-12.2,3.6,0.611,25.68,13.75,76.98,DLHB,True,Junction_3,AB017,60.0
133,19.99,348.3,-11.7,0.5,-0.465,26.31000000000001,13.86,77.62,DLHB,False,,,
134,2.48,348.5,-11.5,0.2,0.338,26.880000000000003,13.959999999999996,78.19,DLHB,False,,,
135,102.37,348.7,-11.3,0.2,-0.327,27.51,14.079999999999998,78.84,DLHB,False,,,
136,89.16,349.4,-10.6,0.7,0.362,28.080000000000005,14.189999999999998,79.42,DLHB,False,,,
137,77.85,347.3,-12.7,-2.1,-0.307,28.67000000000001,14.29,80.01,DLHB,False,,,
138,65.89,350.3,-9.7,3.0,0.494,29.270000000000003,14.419999999999998,80.63,DLHB,False,,,
139,70.48,348.2,-11.8,-2.1,-0.416,29.92000000000001,14.529999999999998,81.29,DLHB,False,,,
140,109.47,347.9,-12.1,-0.3,0.26,30.56000000000001,14.65,81.94,DLHB,False,,,
141,102.28,346.5,-13.5,-1.4,-0.335,31.140000000000008,14.73,82.52,DLHB,False,,,
142,92.24,348.7,-11.3,2.2,0.627,31.74,14.84,83.13,DLHB,False,,,
143,84.19,347.9,-12.1,-0.9,-0.415,32.42000000000001,14.95,83.82,DLHB,False,,,
144,82.87,350.0,-10.0,2.2,0.292,33.06000000000001,15.079999999999998,84.48,DLHB,False,,,
145,85.94,349.2,-10.8,-0.9,-0.485,33.68,15.2,85.11,DLHB,False,,,
146,80.68,354.6,-5.4,5.5,0.803,34.11000000000001,15.329999999999998,85.56,DLHB,False,,,
147,78.68,351.4,-8.6,-3.3,-0.455,34.70000000000001,15.47,86.16,DLHB,False,,,
148,72.55,349.7,-10.3,-1.7,0.399,35.28000000000001,15.599999999999998,86.76,DLHB,False,,,
149,67.62,349.0,-11.0,-0.7,-0.148,35.86000000000001,15.7,87.35,DLHB,False,,,
150,68.22,352.8,-7.2,3.9,0.534,36.41,15.84,87.91,DLHB,False,,,
151,72.5,350.3,-9.7,-2.6,-0.415,36.970000000000006,15.959999999999996,88.49,DLHB,False,,,
152,71.64,349.3,-10.7,-0.9,0.24,37.54,16.08,89.07,DLHB,False,,,
153,75.8,346.4,-13.6,-3.0,-0.18,38.06000000000001,16.15,89.59,DLHB,False,,,
154,68.57,351.4,-8.6,5.1,0.539,38.64000000000001,16.279999999999998,90.19,DLHB,False,,,
155,70.54,349.7,-10.3,-1.7,-0.476,39.20000000000001,16.4,90.76,DLHB,False,,,
156,71.52,347.9,-12.1,-1.8,0.224,39.68,16.49,91.25,DLHB,False,,,
157,74.64,345.8,-14.2,-2.1,-0.322,40.21,16.56,91.78,DLHB,False,,,
158,78.23,346.5,-13.5,0.7,0.721,40.68,16.63,92.26,DLHB,False,,,
159,78.88,348.6,-11.4,2.2,-0.561,41.13,16.709999999999997,92.72,DLHB,False,,,
160,76.65,350.0,-10.0,1.4,0.358,41.62,16.81,93.22,DLHB,False,,,
161,81.79,346.5,-13.5,-3.5,0.045,42.11000000000001,16.89,93.71,DLHB,False,,,
1,152.44,357.8,-2.2,0.0,0.138,18.8,54.63,0.0,AB017,True,Junction_5,AUDI,110.0
2,156.31,355.6,-4.4,-2.2,-0.134,18.88,53.4,1.23,AB017,False,,,
3,156.3,356.6,-3.4,1.0,0.035,19.15,52.79,1.9,AB017,False,,,
4,154.46,356.5,-3.5,-0.2,-0.212,19.44,52.12,2.63,AB017,False,,,
5,157.29,354.1,-5.9,-2.3,0.05,19.72,51.44,3.37,AB017,False,,,
6,155.61,354.5,-5.5,0.4,-0.38,19.99,50.77,4.09,AB017,False,,,
7,156.52,353.7,-6.3,-0.8,0.18,20.26,50.05,4.86,AB017,False,,,
8,153.57,353.5,-6.5,-0.2,-0.235,20.53,49.36,5.6,AB017,False,,,
9,154.05,352.1,-7.9,-1.4,0.202,20.75,48.75,6.25,AB017,False,,,
10,150.26,352.0,-8.0,-0.1,-0.212,20.99,48.08,6.96,AB017,False,,,
11,147.28,353.7,-6.3,1.8,0.004,21.25,47.43,7.66,AB017,False,,,
12,146.27,353.3,-6.7,-0.4,-0.191,21.5,46.75,8.38,AB017,False,,,
13,150.58,354.5,-5.5,1.2,0.037,21.78,46.07,9.12,AB017,False,,,
14,156.93,352.1,-7.9,-2.4,-0.377,22.01,45.43,9.8,AB017,False,,,
15,159.66,352.6,-7.4,0.5,0.075,22.25,44.77,10.5,AB017,False,,,
16,161.63,349.5,-10.5,-3.1,-0.51,22.48,44.01,11.29,AB017,False,,,
17,159.12,350.7,-9.3,1.2,0.076,22.73,43.27,12.07,AB017,False,,,
18,160.5,349.7,-10.3,-1.0,-0.394,22.95,42.55,12.83,AB017,False,,,
19,160.96,349.9,-10.1,0.2,0.0,23.16,41.89,13.52,AB017,False,,,
20,162.28,349.2,-10.8,-0.7,-0.226,23.36,41.25,14.19,AB017,False,,,
21,162.46,349.9,-10.1,0.6,0.136,23.56,40.57,14.9,AB017,False,,,
22,164.31,349.8,-10.2,-0.0,-0.295,23.77,39.92,15.58,AB017,False,,,
23,168.21,347.5,-12.5,-2.3,-0.096,23.97,39.19,16.34,AB017,False,,,
24,167.91,350.6,-9.4,3.0,-0.126,24.17,38.58,16.98,AB017,False,,,
25,166.85,350.7,-9.3,0.2,0.067,24.38,37.92,17.67,AB017,False,,,
26,163.83,348.9,-11.1,-1.8,-0.491,24.58,37.24,18.38,AB017,False,,,
27,162.52,350.7,-9.3,1.8,0.07,24.82,36.55,19.11,AB017,False,,,
28,163.34,348.8,-11.2,-1.9,-0.044,25.01,35.87,19.82,AB017,False,,,
29,159.97,351.1,-8.9,2.3,0.039,25.27,35.1,20.63,AB017,False,,,
30,164.62,343.7,-16.3,-2.6,-0.163,25.4,34.42,21.32,AB017,False,,,
31,164.15,345.3,-14.7,1.6,0.048,25.58,33.67,22.1,AB017,False,,,
32,164.4,342.6,-17.4,-2.7,-0.266,25.69,32.99,22.78,AB017,False,,,
33,159.26,340.2,-19.8,-2.4,-0.072,25.78,32.33,23.45,AB017,False,,,
34,158.5,336.7,-23.3,-3.5,-0.519,25.84,31.58,24.2,AB017,False,,,
35,157.58,338.5,-21.5,1.8,0.057,25.92,30.87,24.92,AB017,False,,,
36,157.48,338.4,-21.6,-0.1,-0.009,26.0,30.14,25.65,AB017,False,,,
37,160.81,335.5,-24.5,-3.0,0.01,26.03,29.44,26.35,AB017,False,,,
38,160.17,333.0,-27.0,-2.4,-0.274,26.04,28.76,27.03,AB017,False,,,
39,155.9,336.6,-23.4,3.6,-0.109,26.09,28.05,27.74,AB017,False,,,
40,155.63,335.5,-24.5,-1.1,-0.327,26.13,27.41,28.39,AB017,False,,,
41,152.73,335.6,-24.4,0.1,0.011,26.17,26.7,29.1,AB017,False,,,
42,154.49,333.4,-26.6,-2.2,-0.138,26.18,26.01,29.79,AB017,False,,,
43,152.5,336.2,-23.8,2.9,0.034,26.23,25.25,30.55,AB017,False,,,
44,153.5,335.6,-24.4,-0.6,-0.311,26.27,24.57,31.23,AB017,False,,,
45,151.32,338.9,-21.1,3.3,0.081,26.35,23.85,31.95,AB017,False,,,
46,153.05,336.9,-23.1,-2.0,0.155,26.4,23.18,32.63,AB017,False,,,
47,153.07,339.0,-21.0,2.0,-0.095,26.48,22.4,33.41,AB017,False,,,
48,161.19,334.3,-25.7,-4.7,-0.156,26.51,21.68,34.13,AB017,False,,,
49,166.67,334.5,-25.5,0.2,0.003,26.54,20.87,34.94,AB017,False,,,
50,173.24,326.4,-33.6,-0.5,-0.15,26.47,20.14,35.67,AB017,False,,,
51,175.46,323.9,-36.1,-2.4,-0.263,26.36,19.45,36.37,AB017,False,,,
52,177.46,324.9,-35.1,1.0,-0.045,26.27,18.77,37.06,AB017,False,,,
53,178.44,324.8,-35.2,-0.2,-0.019,26.19,18.11,37.72,AB017,False,,,
54,174.75,327.9,-32.1,3.2,-0.018,26.12,17.34,38.5,AB017,False,,,
55,175.05,324.8,-35.2,-3.1,-0.082,26.04,16.67,39.17,AB017,False,,,
56,163.56,328.3,-31.7,3.5,-0.034,25.99,16.12,39.72,AB017,False,,,
57,164.31,329.1,-30.9,0.8,0.198,25.95,15.4,40.45,AB017,False,,,
58,159.91,329.4,-30.6,0.3,-0.107,25.92,14.73,41.12,AB017,False,,,
59,158.15,327.5,-32.5,-1.9,0.032,25.86,14.07,41.78,AB017,False,,,
60,181.12,303.0,-57.0,-24.5,-0.853,25.68,13.75,42.15,AB017,True,Junction_3,DLHB,132.0
1,96.29,359.1,-0.9,0.0,-0.56,-52.16,49.28,0.0,AUDI,False,,,
2,87.15,5.2,5.2,6.1,0.193,-51.07,49.26,1.09,AUDI,False,,,
3,90.19,2.7,2.7,-2.5,0.994,-50.73,49.25,1.43,AUDI,False,,,
4,92.42,358.8,-1.2,-3.9,-0.573,-50.16,49.16,2.01,AUDI,False,,,
5,87.59,358.5,-1.5,-0.3,0.135,-49.48,49.08,2.69,AUDI,False,,,
6,87.08,358.3,-1.7,-0.2,-0.312,-48.76,48.97,3.42,AUDI,False,,,
7,82.58,359.6,-0.4,1.3,-0.172,-48.0,48.89,4.18,AUDI,False,,,
8,79.99,0.5,0.5,0.9,-0.24,-47.29,48.82,4.9,AUDI,False,,,
9,79.02,2.3,2.3,1.8,0.085,-46.51,48.76,5.68,AUDI,False,,,
10,82.49,2.5,2.5,0.2,-0.477,-45.83,48.72,6.36,AUDI,False,,,
11,87.94,3.4,3.4,1.0,-0.048,-45.09,48.67,7.1,AUDI,False,,,
12,90.05,3.4,3.4,-0.0,-0.413,-44.37,48.64,7.82,AUDI,False,,,
13,88.5,1.8,1.8,-1.6,-0.017,-43.6,48.58,8.6,AUDI,False,,,
14,85.38,1.9,1.9,0.0,-0.376,-42.92,48.53,9.28,AUDI,False,,,
15,81.26,5.1,5.1,3.2,-0.102,-42.25,48.51,9.95,AUDI,False,,,
16,78.26,4.6,4.6,-0.5,-0.813,-41.6,48.49,10.6,AUDI,False,,,
17,80.33,4.4,4.4,-0.2,-0.105,-40.91,48.47,11.29,AUDI,False,,,
18,80.47,1.9,1.9,-2.6,-0.183,-40.45,48.43,11.75,AUDI,False,,,
19,82.96,1.6,1.6,-0.3,0.233,-39.78,48.38,12.42,AUDI,False,,,
20,87.2,1.6,1.6,-0.0,-0.32,-39.13,48.33,13.07,AUDI,False,,,
21,89.48,4.0,4.0,2.5,0.26,-38.44,48.3,13.77,AUDI,False,,,
22,90.59,3.5,3.5,-0.5,-0.068,-37.71,48.26,14.5,AUDI,False,,,
23,92.04,5.2,5.2,1.7,-0.632,-37.24,48.25,14.97,AUDI,False,,,
24,91.0,5.1,5.1,-0.0,0.523,-36.52,48.24,15.69,AUDI,False,,,
25,94.46,4.7,4.7,-0.4,-0.633,-35.86,48.22,16.35,AUDI,False,,,
26,99.38,4.5,4.5,-0.3,0.14,-35.19,48.2,17.02,AUDI,False,,,
27,102.13,4.1,4.1,-0.4,-0.039,-34.4,48.17,17.81,AUDI,False,,,
28,97.36,3.3,3.3,-0.7,-0.333,-33.9,48.15,18.31,AUDI,True,Junction_6,BANK,1.0
29,94.78,4.7,4.7,1.4,0.158,-33.16,48.12,19.05,AUDI,False,,,
30,89.47,4.1,4.1,-0.6,-0.219,-32.54,48.11,19.67,AUDI,False,,,
31,87.55,5.4,5.4,1.3,-0.438,-32.03,48.09,20.18,AUDI,False,,,
32,88.68,3.9,3.9,-1.5,0.107,-31.28,48.06,20.93,AUDI,False,,,
33,91.39,0.9,0.9,-3.0,-0.477,-30.62,47.99,21.59,AUDI,False,,,
34,93.76,0.8,0.8,-0.1,0.11,-29.93,47.93,22.29,AUDI,False,,,
35,92.63,358.8,-1.2,-2.0,-0.518,-29.26,47.85,22.96,AUDI,False,,,
36,82.48,0.0,0.0,1.2,0.043,-28.58,47.77,23.65,AUDI,False,,,
37,72.2,3.0,3.0,3.0,-0.408,-27.87,47.73,24.36,AUDI,False,,,
38,69.2,6.4,6.4,3.4,-0.093,-27.23,47.73,25.0,AUDI,False,,,
39,68.55,7.1,7.1,0.7,0.074,-26.61,47.73,25.62,AUDI,False,,,
40,67.45,8.5,8.5,1.4,-0.201,-26.06,47.75,26.17,AUDI,False,,,
41,71.47,10.2,10.2,1.7,0.221,-25.62,47.79,26.61,AUDI,False,,,
42,80.15,9.9,9.9,-0.4,-0.393,-24.97,47.83,27.26,AUDI,False,,,
43,91.79,3.4,3.4,-6.5,-0.007,-24.56,47.81,27.67,AUDI,False,,,
44,92.63,3.2,3.2,-0.1,-0.532,-24.0,47.78,28.23,AUDI,False,,,
45,98.8,2.4,2.4,-0.8,0.312,-23.21,47.72,29.02,AUDI,False,,,
46,98.33,0.7,0.7,-1.7,0.076,-22.72,47.68,29.52,AUDI,False,,,
47,94.44,5.0,5.0,4.3,-0.454,-22.17,47.67,30.07,AUDI,False,,,
48,104.95,4.6,4.6,-0.4,-0.465,-21.64,47.65,30.6,AUDI,False,,,
49,108.34,7.6,7.6,3.0,0.392,-20.87,47.67,31.37,AUDI,False,,,
50,110.49,3.2,3.2,-4.4,0.03,-20.4,47.64,31.84,AUDI,False,,,
51,102.33,1.6,1.6,-1.6,-0.463,-19.76,47.59,32.48,AUDI,False,,,
52,87.91,4.6,4.6,2.9,-0.123,-19.07,47.57,33.17,AUDI,False,,,
53,85.47,8.5,8.5,4.0,-0.558,-18.4,47.59,33.84,AUDI,False,,,
54,92.69,9.1,9.1,0.6,-0.339,-17.95,47.61,34.29,AUDI,False,,,
55,88.01,11.7,11.7,2.5,0.284,-17.25,47.68,34.99,AUDI,False,,,
56,84.19,11.9,11.9,0.3,-0.203,-16.59,47.75,35.66,AUDI,False,,,
57,80.56,10.3,10.3,-1.6,0.089,-15.75,47.8,36.5,AUDI,False,,,
58,80.6,10.1,10.1,-0.3,0.188,-15.11,47.84,37.14,AUDI,True,Junction_2,BGFG,17.0
59,85.94,10.1,10.1,0.0,0.068,-14.63,47.88,37.62,AUDI,False,,,
60,80.17,11.9,11.9,1.9,-0.017,-13.88,47.95,38.37,AUDI,False,,,
61,69.67,10.5,10.5,-1.4,-0.412,-13.22,48.01,39.04,AUDI,False,,,
62,62.52,10.7,10.7,0.1,0.059,-12.53,48.05,39.73,AUDI,False,,,
63,63.55,10.2,10.2,-0.4,-0.377,-11.81,48.11,40.45,AUDI,False,,,
64,67.52,8.7,8.7,-1.6,-0.101,-10.97,48.14,41.29,AUDI,False,,,
65,63.49,11.5,11.5,2.8,-0.092,-10.35,48.2,41.91,AUDI,False,,,
66,68.48,9.8,9.8,-1.8,-0.079,-9.64,48.24,42.63,AUDI,False,,,
67,68.88,8.9,8.9,-0.9,-0.326,-8.95,48.27,43.32,AUDI,False,,,
68,75.28,8.5,8.5,-0.4,-0.015,-8.44,48.3,43.83,AUDI,False,,,
69,68.74,11.6,11.6,3.2,0.006,-7.74,48.36,44.53,AUDI,False,,,
70,66.46,13.0,13.0,1.4,0.24,-7.04,48.44,45.23,AUDI,False,,,
71,64.99,11.3,11.3,-1.7,0.116,-6.32,48.51,45.96,AUDI,False,,,
72,63.79,13.4,13.4,2.2,-0.028,-5.55,48.6,46.73,AUDI,False,,,
73,71.02,13.9,13.9,0.4,-0.295,-4.84,48.7,47.45,AUDI,False,,,
74,78.68,13.1,13.1,-0.7,0.037,-4.12,48.78,48.17,AUDI,False,,,
75,78.69,13.9,13.9,0.7,-0.344,-3.4,48.88,48.9,AUDI,False,,,
76,72.85,17.3,17.3,3.4,0.151,-2.74,49.01,49.57,AUDI,False,,,
77,67.52,17.4,17.4,0.1,-0.548,-1.97,49.15,50.36,AUDI,False,,,
78,71.06,18.1,18.1,0.7,-0.255,-1.49,49.25,50.85,AUDI,False,,,
79,72.64,19.2,19.2,1.1,0.17,-0.78,49.41,51.57,AUDI,False,,,
80,71.77,21.9,21.9,2.8,-0.248,-0.09,49.61,52.29,AUDI,False,,,
81,72.63,19.8,19.8,-2.1,0.231,0.53,49.76,52.93,AUDI,False,,,
82,72.88,18.0,18.0,-1.8,-0.412,1.18,49.9,53.6,AUDI,False,,,
83,70.16,19.8,19.8,1.7,0.046,1.93,50.07,54.36,AUDI,False,,,
84,68.07,20.3,20.3,0.5,-0.264,2.6,50.24,55.06,AUDI,False,,,
85,65.34,20.0,20.0,-0.3,0.026,3.21,50.39,55.68,AUDI,False,,,
86,64.14,22.9,22.9,2.9,0.169,3.7,50.54,56.2,AUDI,False,,,
87,66.73,24.8,24.8,1.9,-0.205,4.21,50.71,56.73,AUDI,False,,,
88,72.24,21.5,21.5,-3.3,-0.383,4.88,50.89,57.43,AUDI,False,,,
89,69.64,20.8,20.8,-0.7,0.37,5.61,51.08,58.18,AUDI,False,,,
90,59.92,20.3,20.3,-0.4,-0.552,6.26,51.24,58.85,AUDI,False,,,
91,55.79,22.2,22.2,1.9,0.066,6.98,51.45,59.6,AUDI,False,,,
92,55.43,20.2,20.2,-2.0,-0.765,7.55,51.59,60.19,AUDI,False,,,
93,51.57,19.9,19.9,-0.2,0.342,8.23,51.75,60.89,AUDI,False,,,
94,49.17,20.6,20.6,0.6,-0.424,8.88,51.92,61.56,AUDI,False,,,
95,46.82,23.0,23.0,2.4,0.095,9.59,52.13,62.3,AUDI,False,,,
96,50.48,20.3,20.3,-2.7,-0.308,10.27,52.3,63.0,AUDI,False,,,
97,59.86,19.5,19.5,-0.9,-0.445,10.79,52.43,63.54,AUDI,False,,,
98,58.45,22.4,22.4,2.9,-0.443,11.29,52.57,64.06,AUDI,False,,,
99,55.2,22.4,22.4,0.0,0.181,12.01,52.77,64.8,AUDI,False,,,
100,59.45,19.2,19.2,-3.2,-0.469,12.71,52.94,65.52,AUDI,False,,,
101,62.43,17.7,17.7,-1.6,0.374,13.47,53.09,66.3,AUDI,False,,,
102,63.59,18.1,18.1,0.4,0.188,13.92,53.19,66.76,AUDI,False,,,
103,66.59,20.0,20.0,1.9,-0.377,14.42,53.3,67.27,AUDI,False,,,
104,68.21,22.3,22.3,2.3,0.278,14.95,53.46,67.82,AUDI,False,,,
105,65.34,24.2,24.2,1.9,0.096,15.64,53.68,68.55,AUDI,False,,,
106,67.85,23.1,23.1,-1.1,-0.501,16.25,53.87,69.19,AUDI,False,,,
107,68.35,23.9,23.9,0.8,0.165,16.96,54.09,69.93,AUDI,False,,,
108,71.85,22.5,22.5,-1.4,-0.65,17.61,54.28,70.61,AUDI,False,,,
109,76.57,21.6,21.6,-0.9,-0.333,18.09,54.42,71.11,AUDI,False,,,
110,75.47,23.3,23.3,1.6,0.218,18.8,54.63,71.85,AUDI,True,Junction_5,AB017,1.0
111,75.18,22.5,22.5,-0.8,-0.389,19.42,54.81,72.49,AUDI,False,,,
112,76.79,22.3,22.3,-0.2,0.116,20.07,54.99,73.17,AUDI,False,,,
113,79.37,21.0,21.0,-1.2,-0.479,20.81,55.19,73.94,AUDI,False,,,
114,78.3,22.3,22.3,1.3,0.012,21.46,55.37,74.61,AUDI,False,,,
115,75.51,21.7,21.7,-0.6,-0.55,22.14,55.56,75.32,AUDI,False,,,
116,70.86,22.7,22.7,0.9,-0.036,22.83,55.77,76.04,AUDI,False,,,
117,69.51,23.4,23.4,0.7,-0.301,23.51,55.98,76.75,AUDI,False,,,
118,68.17,24.8,24.8,1.5,0.074,24.14,56.18,77.41,AUDI,False,,,
119,65.46,25.5,25.5,0.7,-0.494,24.78,56.42,78.09,AUDI,False,,,
120,62.16,25.7,25.7,0.2,0.223,25.43,56.64,78.78,AUDI,False,,,
121,59.42,25.2,25.2,-0.5,-0.389,26.11,56.87,79.5,AUDI,False,,,
122,54.81,27.4,27.4,2.2,-0.584,26.55,57.05,79.97,AUDI,False,,,
123,60.48,24.4,24.4,-3.0,-0.075,27.25,57.27,80.71,AUDI,False,,,
124,68.04,22.4,22.4,-2.0,-0.346,27.91,57.46,81.39,AUDI,False,,,
125,74.1,21.1,21.1,-1.3,0.123,28.6,57.65,82.11,AUDI,False,,,
126,75.29,18.0,18.0,-3.1,-0.464,29.26,57.78,82.78,AUDI,False,,,
127,76.76,17.5,17.5,-0.4,0.217,29.92,57.91,83.45,AUDI,False,,,
128,75.68,20.2,20.2,2.6,0.119,30.6,58.08,84.16,AUDI,False,,,
1,199.26,359.6,-0.4,0.0,0.248,-33.9,48.15,0.0,BANK,True,Junction_6,AUDI,28.0
2,194.64,1.3,1.3,1.7,-0.3,-34.09,47.54,0.64,BANK,False,,,
3,192.13,2.1,2.1,0.8,-0.845,-34.25,47.04,1.16,BANK,False,,,
4,201.3,1.5,1.5,-0.6,0.019,-34.47,46.29,1.95,BANK,False,,,
5,208.92,359.5,-0.5,-2.0,0.446,-34.67,45.73,2.54,BANK,False,,,
6,214.05,0.6,0.6,1.1,-0.249,-34.88,45.06,3.24,BANK,False,,,
7,207.12,3.9,3.9,3.3,0.08,-35.05,44.38,3.94,BANK,False,,,
8,198.16,3.7,3.7,-0.2,-0.006,-35.21,43.72,4.62,BANK,False,,,
9,190.45,6.4,6.4,2.8,0.172,-35.34,43.02,5.33,BANK,False,,,
10,188.26,6.5,6.5,0.1,-0.088,-35.48,42.32,6.05,BANK,False,,,
11,187.73,4.4,4.4,-2.1,0.037,-35.66,41.55,6.84,BANK,False,,,
12,183.42,5.7,5.7,1.3,-0.385,-35.79,40.86,7.54,BANK,False,,,
13,184.53,7.3,7.3,1.6,0.386,-35.9,40.16,8.25,BANK,False,,,
14,185.32,7.9,7.9,0.6,-0.361,-36.01,39.47,8.95,BANK,False,,,
15,188.57,8.7,8.7,0.7,0.232,-36.11,38.77,9.66,BANK,False,,,
16,189.4,8.5,8.5,-0.2,-0.293,-36.2,38.08,10.35,BANK,False,,,
17,192.13,8.7,8.7,0.2,0.075,-36.29,37.34,11.1,BANK,False,,,
18,190.35,8.6,8.6,-0.1,-0.417,-36.4,36.48,11.96,BANK,False,,,
19,192.8,6.0,6.0,-2.6,-0.001,-36.54,35.7,12.76,BANK,False,,,
20,194.22,4.7,4.7,-1.3,-0.259,-36.66,35.04,13.43,BANK,False,,,
21,191.6,5.5,5.5,0.8,0.057,-36.78,34.29,14.19,BANK,False,,,
22,191.39,3.9,3.9,-1.6,-0.122,-36.91,33.61,14.88,BANK,False,,,
23,191.96,3.9,3.9,-0.0,0.156,-37.04,32.89,15.61,BANK,False,,,
24,190.32,2.5,2.5,-1.4,-0.342,-37.18,32.19,16.32,BANK,False,,,
25,189.41,5.2,5.2,2.7,0.199,-37.29,31.48,17.04,BANK,False,,,
26,187.59,4.2,4.2,-1.0,0.067,-37.41,30.75,17.78,BANK,False,,,
27,187.82,5.2,5.2,1.0,0.311,-37.54,29.98,18.56,BANK,False,,,
28,189.74,6.7,6.7,1.6,-0.414,-37.62,29.25,19.3,BANK,False,,,
29,190.53,7.7,7.7,1.0,0.373,-37.69,28.48,20.07,BANK,False,,,
30,187.88,9.7,9.7,2.0,-0.309,-37.75,27.71,20.84,BANK,False,,,
31,189.71,11.6,11.6,1.9,0.185,-37.77,27.01,21.54,BANK,False,,,
32,187.05,13.0,13.0,1.4,-0.274,-37.75,26.28,22.27,BANK,False,,,
33,188.39,14.2,14.2,1.2,0.37,-37.75,25.53,23.02,BANK,False,,,
34,186.98,14.2,14.2,0.0,-0.455,-37.72,24.8,23.75,BANK,False,,,
35,182.4,17.3,17.3,3.1,-0.15,-37.65,24.26,24.3,BANK,False,,,
36,177.75,19.1,19.1,1.9,0.013,-37.58,23.53,25.03,BANK,False,,,
37,178.07,18.3,18.3,-0.9,-0.378,-37.5,22.79,25.78,BANK,False,,,
38,174.61,20.0,20.0,1.7,0.422,-37.4,21.98,26.59,BANK,False,,,
39,172.83,20.4,20.4,0.5,-0.189,-37.29,21.27,27.31,BANK,False,,,
40,173.25,19.2,19.2,-1.2,0.103,-37.2,20.55,28.04,BANK,False,,,
41,167.87,21.9,21.9,2.7,0.246,-37.07,19.97,28.63,BANK,False,,,
42,167.51,22.3,22.3,0.3,-0.448,-36.93,19.22,29.39,BANK,False,,,
43,168.39,24.1,24.1,1.8,0.108,-36.76,18.39,30.24,BANK,False,,,
44,169.39,23.6,23.6,-0.5,-0.12,-36.62,17.62,31.02,BANK,False,,,
45,171.72,24.8,24.8,1.2,-0.008,-36.43,16.8,31.87,BANK,False,,,
46,173.17,24.6,24.6,-0.2,-0.319,-36.26,16.02,32.66,BANK,False,,,
47,173.38,26.5,26.5,1.9,0.311,-36.04,15.17,33.54,BANK,False,,,
48,177.5,23.9,23.9,-2.6,-0.433,-35.87,14.38,34.35,BANK,False,,,
49,171.89,26.6,26.6,2.7,0.284,-35.67,13.64,35.12,BANK,False,,,
50,168.86,28.8,28.8,2.2,-0.245,-35.43,12.85,35.94,BANK,False,,,
51,167.52,29.3,29.3,0.5,0.128,-35.18,12.06,36.77,BANK,False,,,
52,164.99,28.5,28.5,-0.8,-0.258,-34.96,11.35,37.51,BANK,False,,,
53,169.34,26.2,26.2,-2.3,-0.028,-34.74,10.57,38.32,BANK,False,,,
54,177.22,23.2,23.2,-3.0,-0.008,-34.58,10.02,38.9,BANK,False,,,
55,174.4,22.2,22.2,-0.9,-0.549,-34.41,9.26,39.68,BANK,False,,,
56,173.66,23.1,23.1,0.9,0.09,-34.22,8.43,40.53,BANK,False,,,
57,169.3,23.9,23.9,0.8,-0.243,-34.04,7.63,41.35,BANK,False,,,
58,169.79,25.2,25.2,1.3,0.318,-33.83,6.82,42.18,BANK,False,,,
59,169.01,25.2,25.2,0.0,-0.314,-33.6,6.03,43.01,BANK,False,,,
60,174.81,24.0,24.0,-1.2,0.258,-33.41,5.26,43.8,BANK,False,,,
61,178.25,22.6,22.6,-1.4,-0.461,-33.22,4.5,44.58,BANK,False,,,
62,177.09,24.7,24.7,2.2,-0.09,-33.0,3.68,45.43,BANK,False,,,
63,176.51,23.9,23.9,-0.8,-0.338,-32.79,2.86,46.28,BANK,False,,,
64,174.61,21.4,21.4,-2.4,0.293,-32.61,2.04,47.12,BANK,True,Junction_4,DLHB,31.0
