time,seconds_elapsed,level,frequency,capabilities,BSSID,SSID
1791442807479000000,-0.001,-84,5260,[WPA2-EAP/SHA1-CCMP][RSN-EAP/SHA1-CCMP][ESS],48:9b:d5:f9:88:70,VITBPL
1791442807479000000,-0.001,-66,2437,[WPA2-EAP/SHA1-CCMP][RSN-EAP/SHA1-CCMP][ESS],48:9b:d5:f9:88:60,VITBPL
1791442807479000000,-0.001,-88,5500,[WPA2-EAP/SHA1-CCMP][RSN-EAP/SHA1-CCMP][ESS],b0:27:cf:ca:93:b0,VITBPL
1791442807479000000,-0.001,-79,2437,[WPA2-EAP/SHA1-CCMP][RSN-EAP/SHA1-CCMP][ESS],b0:27:cf:b6:ff:00,VITBPL
1791442807479000000,-0.001,-77,2442,[WPA2-PSK-CCMP][RSN-PSK-CCMP][ESS],2e:8f:f3:88:21:46,Snehal_Dnyane
1791442807479000000,-0.001,-61,2412,[WPA2-EAP/SHA1-CCMP][RSN-EAP/SHA1-CCMP][ESS],50:e4:e0:12:9c:c0,VITBPL
1791442807479000000,-0.001,-86,5300,[WPA2-EAP/SHA1-CCMP][RSN-EAP/SHA1-CCMP][ESS],b0:27:cf:c9:e7:90,VITBPL
1791442807479000000,-0.001,-86,5660,[WPA2-PSK-CCMP][RSN-PSK-CCMP][ESS],b0:27:cf:ef:b1:31,VIT-BP
1791442807479000000,-0.001,-70,2462,[WPA2-EAP/SHA1-CCMP][RSN-EAP/SHA1-CCMP][ESS],b0:27:cf:c9:e7:80,VITBPL
1791442807479000000,-0.001,-86,5660,[WPA2-EAP/SHA1-CCMP][RSN-EAP/SHA1-CCMP][ESS],b0:27:cf:ef:b1:30,VITBPL
1791442807479000000,-0.001,-74,2437,[WPA2-EAP/SHA1-CCMP][RSN-EAP/SHA1-CCMP][ESS],b0:27:cf:ca:91:e0,VITBPL
1791442807479000000,-0.001,-71,2412,[WPA2-EAP/SHA1-CCMP][RSN-EAP/SHA1-CCMP][ESS],7c:57:3c:fc:3f:60,VITBPL
1791442807479000000,-0.001,-59,2462,[WPA2-EAP/SHA1-CCMP][RSN-EAP/SHA1-CCMP][ESS],34:fc:b9:1f:e9:c0,VITBPL
1791442807479000000,-0.001,-75,2437,[WPA2-PSK-CCMP][RSN-PSK-CCMP][ESS][WPS],de:cd:2f:05:13:c8,DIRECT-8U-CTS
1791442807479000000,-0.001,-86,5260,[WPA2-EAP/SHA1-CCMP][RSN-EAP/SHA1-CCMP][ESS],b0:27:cf:ef:f3:30,VITBPL
1791442807479000000,-0.001,-84,5620,[WPA2-EAP/SHA1-CCMP][RSN-EAP/SHA1-CCMP][ESS],b0:27:cf:b7:2e:70,VITBPL
1791442807479000000,-0.001,-60,2437,[WPA2-PSK-CCMP][RSN-PSK-CCMP][ESS][WPS],3a:9d:92:aa:03:72,DIRECT-EG-EPSON-M3170 Series
1791442807479000000,-0.001,-88,5540,[WPA2-EAP/SHA1-CCMP][RSN-EAP/SHA1-CCMP][ESS],7c:57:3c:fc:3f:70,VITBPL
1791442807479000000,-0.001,-59,2437,[WPA2-PSK-CCMP][RSN-PSK-CCMP][ESS],56:33:9e:d5:2c:1f,Pawan Mewada 
