Step,Seconds_Elapsed,Stride_Length_m,Speed_m_s,Cumulative_Distance_m,X_m,Y_m,Magnetic_Heading_deg,Gyro_Heading_deg,Gyro_Heading_Unwrapped_deg,Heading_Change_deg,Gyro_Rate_rad_s,Weinberg_Constant_K
1,1.88,0.376,0.616,0.38,0.38,-0.02,149.83,357.4,-2.6,0.0,-0.064,0.444
2,2.49,0.54,0.887,0.92,0.92,-0.03,138.08,358.5,-1.5,1.0,0.189,0.444
3,3.18,0.562,0.816,1.48,1.48,-0.06,139.15,356.6,-3.4,-1.8,-0.115,0.444
4,3.82,0.578,0.901,2.06,2.05,-0.09,135.69,357.8,-2.2,1.2,0.368,0.444
5,4.53,0.536,0.76,2.59,2.59,-0.12,133.56,356.3,-3.7,-1.5,-0.211,0.444
6,5.15,0.529,0.845,3.12,3.12,-0.12,149.76,0.5,0.5,4.2,0.629,0.444
7,5.79,0.577,0.899,3.7,3.69,-0.09,154.53,2.6,2.6,2.1,-0.04,0.444
8,6.48,0.521,0.756,4.22,4.21,-0.02,163.34,7.5,7.5,4.9,0.591,0.444
9,7.13,0.53,0.816,4.75,4.74,0.03,159.72,6.2,6.2,-1.2,-0.184,0.444
10,7.82,0.423,0.62,5.17,5.15,0.11,162.42,10.9,10.9,4.7,0.692,0.444
11,8.49,0.566,0.842,5.74,5.71,0.21,160.21,10.2,10.2,-0.8,-0.119,0.444
12,9.25,0.557,0.732,6.3,6.25,0.34,168.43,13.1,13.1,3.0,0.5,0.444
