time,seconds_elapsed,z,y,x
1788648238851218200,0.10321826171875,-0.36102136969566345,-0.18875735998153687,-0.09346238523721695
1788648238867183400,0.119183349609375,-0.36102136969566345,-0.18875735998153687,-0.09346238523721695
1788648238883209700,0.135209716796875,-0.36102136969566345,-0.18875735998153687,-0.09346238523721695
1788648238899244300,0.151244384765625,-0.36102136969566345,-0.18875735998153687,-0.09346238523721695
1788648238915328800,0.167328857421875,-0.36102136969566345,-0.18875735998153687,-0.09346238523721695
1788648238931398000,0.18339794921875,-0.36102136969566345,-0.18875735998153687,-0.09346238523721695
1788648238947347700,0.19934765625,-0.36102136969566345,-0.18875735998153687,-0.09346238523721695
1788648238963342800,0.2153427734375,-0.36102136969566345,-0.18875735998153687,-0.09346238523721695
1788648238979363800,0.23136376953125,0.01771509274840355,-0.09896016865968704,0.07330382615327835
1788648238995409000,0.247408935546875,0.02015855349600315,-0.08857546001672745,0.06352998316287994
1788648239011485000,0.26348486328125,0.02076941914856434,-0.09651670604944229,0.0708603709936142
1788648239027451400,0.279451416015625,0.01466076634824276,-0.1062905490398407,0.09651670604944229
1788648239043453200,0.295453125,-0.0024434609804302454,-0.13316862285137177,0.11789698898792267
1788648239059465200,0.31146533203125,-0.021380282938480377,-0.13072516024112701,0.1319468915462494
1788648239075524400,0.3275244140625,-0.01466076634824276,-0.09773843735456467,0.11545353382825851
1788648239091612000,0.34361181640625,-0.030543262138962746,-0.09896016865968704,0.08368854224681854
1788648239107591700,0.359591796875,-0.03848451003432274,-0.07757988572120667,0.07269296050071716
1788648239123607000,0.37560693359375,-0.03298672288656235,-0.0507018156349659,0.06963863968849182
1788648239139632000,0.391632080078125,-0.030543262138962746,-0.036041051149368286,0.04764748737215996
1788648239155716900,0.407716796875,-0.014049900695681572,-0.02687807008624077,0.007941247895359993
1788648239171762000,0.423761962890625,-0.005497787147760391,-0.039095375686883926,-0.014049900695681572
1788648239187753200,0.439753173828125,0.00855211354792118,-0.025656340643763542,0.0012217304902151227
1788648239203722000,0.455721923828125,0.010995574295520782,-0.02015855349600315,0.02076941914856434
1788648239219762700,0.4717626953125,-0.0006108652451075613,-0.003054326167330146,0.04092797264456749
1788648239235850500,0.4878505859375,-0.016493361443281174,0.015271631069481373,0.048258353024721146
1788648239251891200,0.50389111328125,-0.021991148591041565,0.012217304669320583,0.04459316283464432
1788648239267886000,0.519885986328125,-0.03481931984424591,-0.006108652334660292,0.027488935738801956
1788648239283902700,0.53590283203125,-0.04642575979232788,-0.05314527451992035,-0.00366519158706069
1788648239299950800,0.551950927734375,-0.03237585723400116,-0.0708603709936142,-0.025045474991202354
1788648239316001800,0.568001708984375,-0.02076941914856434,-0.08307767659425735,-0.03420845419168472
1788648239332044000,0.5840439453125,-0.015882495790719986,-0.05925392732024193,-0.009773843921720982
1788648239348005400,0.60000537109375,-0.014049900695681572,-0.06108652427792549,0.01771509274840355
1788648239364019500,0.61601953125,-0.005497787147760391,-0.06108652427792549,0.05009094998240471
1788648239380027000,0.63202685546875,-0.004886921960860491,-0.059864792972803116,0.07208210229873657
1788648239396033000,0.648032958984375,-0.0012217304902151227,-0.0354301854968071,0.07147123664617538
1788648239412075300,0.6640751953125,-0.0012217304902151227,-0.012217304669320583,0.04886921867728233
1788648239428045000,0.680045166015625,-0.007941247895359993,0.013439035043120384,0.005497787147760391
1788648239444012500,0.696012451171875,-0.006108652334660292,0.004886921960860491,-0.04337143152952194
1788648239460020000,0.71202001953125,-0.01038470957428217,-0.01160643994808197,-0.06230825558304787
1788648239476072200,0.728072265625,-0.00855211354792118,-0.039706241339445114,-0.0507018156349659
1788648239492112600,0.744112548828125,-0.013439035043120384,-0.04398229718208313,-0.027488935738801956
1788648239508092700,0.7600927734375,-0.006719517521560192,-0.0354301854968071,-0.021380282938480377
1788648239524128000,0.7761279296875,-0.003054326167330146,-0.05497787147760391,-0.019547687843441963
1788648239540151300,0.7921513671875,-0.0024434609804302454,-0.06414084881544113,-0.009162978269159794
1788648239556224800,0.808224853515625,-0.009773843921720982,-0.07208210229873657,-0.00427605677396059
1788648239572272600,0.824272705078125,-0.00427605677396059,-0.03787364438176155,-0.013439035043120384
1788648239588267800,0.840267822265625,-0.0024434609804302454,-0.01466076634824276,-0.04153883829712868
1788648239604291800,0.856291748046875,-0.00427605677396059,-0.018325956538319588,-0.06841690838336945
1788648239620326100,0.872326171875,-0.007941247895359993,-0.04092797264456749,-0.06963863968849182
1788648239636412200,0.888412109375,-0.018936822190880775,-0.056810468435287476,-0.024434609338641167
1788648239652468000,0.904468017578125,-0.027488935738801956,-0.06780604273080826,0.01710422709584236
1788648239668460500,0.92046044921875,-0.02687807008624077,-0.06230825558304787,0.0403171069920063
1788648239684444700,0.936444580078125,-0.021380282938480377,-0.027488935738801956,0.029932396486401558
1788648239700486100,0.952486083984375,-0.024434609338641167,-0.0354301854968071,-0.014049900695681572
1788648239716576000,0.968575927734375,-0.022602014243602753,-0.05619960278272629,-0.03176499158143997
1788648239732638200,0.98463818359375,-0.021991148591041565,-0.06108652427792549,-0.02382374368607998
1788648239748592400,1.00059228515625,-0.01771509274840355,-0.056810468435287476,-0.009773843921720982
1788648239764633300,1.01663330078125,-0.01771509274840355,-0.03787364438176155,0
1788648239780683500,1.03268359375,-0.021991148591041565,-0.015882495790719986,-0.003054326167330146
1788648239796728300,1.048728271484375,-0.021380282938480377,-0.009773843921720982,-0.01160643994808197
1788648239812803600,1.064803466796875,-0.021380282938480377,-0.022602014243602753,-0.01771509274840355
1788648239828764000,1.080763916015625,-0.027488935738801956,-0.04703662544488907,-0.021380282938480377
1788648239844763400,1.096763427734375,-0.0354301854968071,-0.05803219974040985,-0.04337143152952194
1788648239860775000,1.11277490234375,-0.033597588539123535,-0.07757988572120667,-0.06291911751031876
1788648239876832300,1.128832275390625,-0.03237585723400116,-0.09040805697441101,-0.059864792972803116
1788648239892914700,1.144914794921875,-0.024434609338641167,-0.08307767659425735,-0.03176499158143997
1788648239908884500,1.160884521484375,-0.016493361443281174,-0.0708603709936142,0
1788648239924937700,1.176937744140625,-0.00366519158706069,-0.06658431142568588,0.012828170321881771
1788648239940950300,1.1929501953125,0.00733038317412138,-0.06352998316287994,0.016493361443281174
1788648239956962300,1.20896240234375,0.00855211354792118,-0.06841690838336945,0.00855211354792118
1788648239973055200,1.22505517578125,0.003054326167330146,-0.07024950534105301,-0.00733038317412138
1788648239989031000,1.241031005859375,0.001832595793530345,-0.08185594528913498,-0.036651913076639175
1788648240005099000,1.25709912109375,-0.0024434609804302454,-0.08429940044879913,-0.039706241339445114
1788648240021128400,1.27312841796875,-0.00733038317412138,-0.08368854224681854,-0.025656340643763542
1788648240037199600,1.28919970703125,-0.013439035043120384,-0.08796459436416626,-0.009162978269159794
1788648240053246000,1.305245849609375,-0.016493361443281174,-0.09712757170200348,-0.015882495790719986
1788648240069239800,1.32123974609375,-0.02015855349600315,-0.11178833991289139,-0.03237585723400116
1788648240085259800,1.337259765625,-0.021991148591041565,-0.0959058403968811,-0.04703662544488907
1788648240101290800,1.353290771484375,-0.02015855349600315,-0.05314527451992035,-0.06475171446800232
1788648240117374500,1.36937451171875,-0.028099801391363144,-0.039706241339445114,-0.09346238523721695
1788648240133426000,1.385426025390625,-0.042760565876960754,-0.06169738993048668,-0.10567969083786011
1788648240149427700,1.401427734375,-0.05619960278272629,-0.07330382615327835,-0.07208210229873657
1788648240165453000,1.417453125,-0.07147123664617538,-0.07330382615327835,-0.04092797264456749
1788648240181501200,1.433501220703125,-0.08246681094169617,-0.07513642311096191,-0.05009094998240471
1788648240197600800,1.449600830078125,-0.08429940044879913,-0.06902777403593063,-0.0708603709936142
1788648240213650200,1.465650146484375,-0.08552113175392151,-0.06352998316287994,-0.07513642311096191
1788648240229610000,1.48160986328125,-0.09224065393209457,-0.056810468435287476,-0.05803219974040985
1788648240245577200,1.4975771484375,-0.08857546001672745,-0.04764748737215996,-0.04398229718208313
1788648240261630000,1.5136298828125,-0.08674286305904388,-0.04337143152952194,-0.06475171446800232
1788648240277635300,1.52963525390625,-0.09040805697441101,-0.04214970022439957,-0.09529497474431992
1788648240293679900,1.545679931640625,-0.09162978827953339,-0.030543262138962746,-0.1215621829032898
1788648240309643500,1.5616435546875,-0.09162978827953339,-0.029932396486401558,-0.13561208546161652
1788648240325609000,1.57760888671875,-0.09162978827953339,-0.02626720629632473,-0.13316862285137177
1788648240341657900,1.593657958984375,-0.09162978827953339,-0.013439035043120384,-0.12217304855585098
1788648240357663500,1.60966357421875,-0.09285151958465576,-0.018325956538319588,-0.10567969083786011
1788648240373703400,1.625703369140625,-0.09468411654233932,-0.02932153269648552,-0.09224065393209457
1788648240389670400,1.64167041015625,-0.08491026610136032,-0.031154127791523933,-0.07330382615327835
1788648240405634300,1.65763427734375,-0.0708603709936142,-0.01771509274840355,-0.04153883829712868
1788648240421648600,1.673648681640625,-0.05742133408784866,-0.018325956538319588,0.005497787147760391
1788648240437713000,1.689712890625,-0.051312681287527084,-0.042760565876960754,0.06169738993048668
1788648240453755000,1.7057548828125,-0.04398229718208313,-0.06963863968849182,0.09896016865968704
1788648240469728800,1.721728759765625,-0.039706241339445114,-0.08429940044879913,0.09896016865968704
1788648240485696300,1.7376962890625,-0.04581489413976669,-0.0910189226269722,0.07513642311096191
1788648240501716500,1.753716552734375,-0.06291911751031876,-0.1062905490398407,0.04337143152952194
1788648240517737500,1.769737548828125,-0.08796459436416626,-0.09773843735456467,0.012217304669320583
1788648240533799400,1.78579931640625,-0.10506882518529892,-0.09285151958465576,-0.013439035043120384
1788648240549792300,1.801792236328125,-0.11789698898792267,-0.05925392732024193,-0.05619960278272629
1788648240565810000,1.817809814453125,-0.10384709388017654,-0.02382374368607998,-0.11850785464048386
1788648240581832400,1.83383251953125,-0.08124507963657379,-0.025045474991202354,-0.1765400618314743
1788648240597862700,1.849862548828125,-0.06902777403593063,-0.04459316283464432,-0.21441370248794556
1788648240613923800,1.865923828125,-0.0659734457731247,-0.06780604273080826,-0.1869247704744339
1788648240629917400,1.88191748046875,-0.059864792972803116,-0.0757472887635231,-0.13561208546161652
1788648240645946600,1.897946533203125,-0.05864306539297104,-0.0708603709936142,-0.08674286305904388
1788648240661984500,1.913984619140625,-0.06719517707824707,-0.039706241339445114,-0.0806342139840126
1788648240678071300,1.9300712890625,-0.07635815441608429,0.0006108652451075613,-0.09285151958465576
1788648240694132200,1.94613232421875,-0.08429940044879913,0.033597588539123535,-0.09285151958465576
1788648240710133000,1.962133056640625,-0.0959058403968811,0.02871066704392433,-0.08246681094169617
1788648240726169600,1.978169677734375,-0.1062905490398407,-0.045204028487205505,-0.059864792972803116
1788648240742214100,1.994214111328125,-0.10384709388017654,-0.07819075137376785,-0.00733038317412138
1788648240758304800,2.0103046875,-0.08368854224681854,-0.07635815441608429,0.05192354694008827
1788648240774368800,2.02636865234375,-0.05742133408784866,-0.04214970022439957,0.08674286305904388
1788648240790341400,2.04234130859375,-0.0354301854968071,-0.013439035043120384,0.1007927656173706
1788648240806345000,2.058344970703125,-0.025656340643763542,-0.02015855349600315,0.10690141469240189
1788648240822397000,2.07439697265625,-0.024434609338641167,-0.056810468435287476,0.10384709388017654
1788648240838402000,2.090402099609375,-0.025045474991202354,-0.09162978827953339,0.09407325088977814
1788648240854512000,2.10651220703125,-0.02382374368607998,-0.09040805697441101,0.06108652427792549
1788648240870490600,2.12249072265625,-0.02687807008624077,-0.04642575979232788,0.024434609338641167
1788648240886507000,2.138507080078125,-0.03481931984424591,0.016493361443281174,0.004886921960860491
1788648240902529300,2.154529296875,-0.060475658625364304,0.0659734457731247,-0.00733038317412138
1788648240918593500,2.170593505859375,-0.07941248267889023,0.09712757170200348,-0.006108652334660292
1788648240934688300,2.186688232421875,-0.09040805697441101,0.07635815441608429,0.009162978269159794
1788648240950670000,2.202670166015625,-0.08429940044879913,0.056810468435287476,0.039095375686883926
1788648240966729200,2.218729248046875,-0.06291911751031876,0.03298672288656235,0.06108652427792549
1788648240982755000,2.234755126953125,-0.03481931984424591,-0.021380282938480377,0.0708603709936142
1788648240998838800,2.2508388671875,-0.018936822190880775,-0.07880161702632904,0.09773843735456467
1788648241014882600,2.266882568359375,0.00366519158706069,-0.18814650177955627,0.16249015927314758
1788648241030875000,2.282875,0.01710422709584236,-0.3280346393585205,0.23151792585849762
1788648241046905000,2.298905029296875,0.02382374368607998,-0.3787364661693573,0.28527405858039856
1788648241062937600,2.3149375,0.024434609338641167,-0.40744712948799133,0.32986724376678467
1788648241078972700,2.33097265625,0.021380282938480377,-0.40133845806121826,0.33475416898727417
1788648241095016200,2.34701611328125,0.02871066704392433,-0.342695415019989,0.2736676335334778
1788648241110971600,2.3629716796875,0.05375614017248154,-0.22357667982578278,0.1313360333442688
1788648241126990800,2.378990966796875,0.07391469180583954,-0.09651670604944229,-0.013439035043120384
1788648241143032000,2.395031982421875,0.10262536257505417,-0.02932153269648552,-0.08368854224681854
1788648241159118800,2.411118896484375,0.15271630883216858,0.003054326167330146,-0.04764748737215996
1788648241175200300,2.4272001953125,0.1765400618314743,0.021380282938480377,0.1362229436635971
1788648241191157000,2.443156982421875,0.17531833052635193,0.048258353024721146,0.34513887763023376
1788648241207171600,2.459171630859375,0.17959438264369965,0.04886921867728233,0.5314527750015259
1788648241223217000,2.475216796875,0.18020524084568024,-0.012828170321881771,0.5821545720100403
1788648241239215900,2.4912158203125,0.18387043476104736,-0.07696902006864548,0.5009095072746277
1788648241255307500,2.5073076171875,0.21991148591041565,-0.04703662544488907,0.38728857040405273
1788648241271266800,2.523266845703125,0.2376265823841095,0.09651670604944229,0.2535090744495392
1788648241287288600,2.53928857421875,0.23273965716362,0.22540926933288574,0.1319468915462494
1788648241303297800,2.5552978515625,0.2431243658065796,0.2730567753314972,0.0708603709936142
1788648241319357400,2.571357421875,0.2382374405860901,0.23945917189121246,0.05375614017248154
1788648241335406000,2.587406005859375,0.20341812074184418,0.14233160018920898,0.04886921867728233
1788648241351380500,2.60338037109375,0.1667662113904953,0.05864306539297104,0.030543262138962746
1788648241367349000,2.619348876953125,0.13805554807186127,-0.0006108652451075613,-0.004886921960860491
1788648241383367200,2.6353671875,0.11362093687057495,-0.036651913076639175,-0.036041051149368286
1788648241399434500,2.6514345703125,0.08307767659425735,-0.04886921867728233,-0.039095375686883926
1788648241415479000,2.66747900390625,0.05925392732024193,-0.0403171069920063,-0.03481931984424591
1788648241431464400,2.68346435546875,0.03848451003432274,-0.03481931984424591,-0.039095375686883926
1788648241447435000,2.69943505859375,0.018325956538319588,-0.015882495790719986,-0.045204028487205505
1788648241463470000,2.715469970703125,0.00855211354792118,0.04398229718208313,-0.060475658625364304
1788648241479597600,2.73159765625,0.006108652334660292,0.10873401165008545,-0.10384709388017654
1788648241495655200,2.7476552734375,-0.001832595793530345,0.1160643994808197,-0.17104226350784302
1788648241511658800,2.76365869140625,-0.003054326167330146,0.09529497474431992,-0.21319197118282318
1788648241527689000,2.77968896484375,-0.006719517521560192,0.06780604273080826,-0.22113321721553802
1788648241543735300,2.7957353515625,-0.01466076634824276,0.03237585723400116,-0.20525072515010834
1788648241559831000,2.8118310546875,-0.02076941914856434,0.036651913076639175,-0.18570303916931152
1788648241575900700,2.827900634765625,-0.039706241339445114,0.021380282938480377,-0.1722639948129654
1788648241591865600,2.843865478515625,-0.056810468435287476,0.009773843921720982,-0.15760323405265808
1788648241607906800,2.85990673828125,-0.07269296050071716,-0.0024434609804302454,-0.1368338167667389
1788648241623953200,2.875953125,-0.09224065393209457,-0.012828170321881771,-0.08735372871160507
1788648241640043500,2.89204345703125,-0.1007927656173706,-0.04948008432984352,-0.02626720629632473
1788648241656112400,2.9081123046875,-0.10201449692249298,-0.10445795953273773,0.018936822190880775
1788648241672079400,2.924079345703125,-0.09529497474431992,-0.15332718193531036,0.06780604273080826
1788648241688081400,2.940081298828125,-0.09529497474431992,-0.2070833146572113,0.08124507963657379
1788648241704091000,2.9560908203125,-0.11972958594560623,-0.28099802136421204,0.05009094998240471
1788648241720089300,2.97208935546875,-0.14905111491680145,-0.34147366881370544,-0.005497787147760391
1788648241736166100,2.988166259765625,-0.17898350954055786,-0.32070425152778625,-0.036041051149368286
1788648241752148000,3.00414794921875,-0.2168571650981903,-0.28099802136421204,-0.007941247895359993
1788648241768214500,3.020214599609375,-0.2076941877603531,-0.16737708449363708,0.015882495790719986
1788648241784225300,3.036225341796875,-0.2076941877603531,-0.152105450630188,-0.025656340643763542
1788648241800241700,3.05224169921875,-0.26083946228027344,-0.18509216606616974,-0.17409659922122955
1788648241816338200,3.068338134765625,-0.2883284091949463,-0.13255776464939117,-0.33292156457901
1788648241832312300,3.084312255859375,-0.3500257730484009,-0.04703662544488907,-0.4758640229701996
1788648241848416500,3.10041650390625,-0.42210787534713745,0.02687807008624077,-0.48808133602142334
1788648241864435700,3.116435791015625,-0.4447098970413208,0.1007927656173706,-0.3549126982688904
1788648241880505600,3.132505615234375,-0.4092797040939331,0.14049901068210602,-0.05864306539297104
1788648241896642000,3.14864208984375,-0.33719760179519653,0.15943582355976105,0.2877175211906433
1788648241912601900,3.164601806640625,-0.2724458873271942,0.18631389737129211,0.5393940210342407
1788648241928712700,3.180712646484375,-0.18570303916931152,0.15943582355976105,0.7220427393913269
1788648241944742000,3.196741943359375,-0.15882496535778046,-0.005497787147760391,0.7324274182319641
1788648241960768800,3.212768798828125,-0.16065755486488342,-0.303600013256073,0.5760459303855896
1788648241976872700,3.228872802734375,-0.17043140530586243,-0.5174028873443604,0.37201693654060364
1788648241992868000,3.2448681640625,-0.20830504596233368,-0.5919284224510193,0.1508837193250656
1788648242008840000,3.26083984375,-0.23335053026676178,-0.5094616413116455,0.006719517521560192
1788648242024880400,3.27688037109375,-0.26083946228027344,-0.3286454975605011,-0.02932153269648552
1788648242040967000,3.292966796875,-0.3078760802745819,-0.09346238523721695,-0.010995574295520782
1788648242057013500,3.309013427734375,-0.3280346393585205,0.07024950534105301,0.004886921960860491
1788648242073018400,3.325018310546875,-0.3335324227809906,0.14233160018920898,0.013439035043120384
1788648242089035800,3.341035888671875,-0.3335324227809906,0.20463985204696655,0.02687807008624077
1788648242105085700,3.357085693359375,-0.30604347586631775,0.24678955972194672,0.02687807008624077
1788648242121084700,3.373084716796875,-0.2431243658065796,0.28649580478668213,0.0012217304902151227
1788648242137133600,3.389133544921875,-0.18570303916931152,0.3078760802745819,-0.045204028487205505
1788648242153112600,3.405112548828125,-0.1160643994808197,0.3090978264808655,-0.12034045159816742
1788648242169141800,3.421141845703125,-0.06108652427792549,0.25106561183929443,-0.20402899384498596
1788648242185223000,3.437222900390625,-0.04764748737215996,0.11484266817569733,-0.2577851414680481
1788648242201284000,3.4532841796875,-0.033597588539123535,-0.0708603709936142,-0.24556782841682434
1788648242217339600,3.469339599609375,-0.016493361443281174,-0.17104226350784302,-0.17837265133857727
1788648242233323000,3.485322998046875,-0.009773843921720982,-0.18020524084568024,-0.12400564551353455
1788648242249346600,3.5013466796875,-0.012828170321881771,-0.13561208546161652,-0.09773843735456467
1788648242265360600,3.517360595703125,-0.042760565876960754,-0.03176499158143997,-0.10506882518529892
1788648242281373400,3.53337353515625,-0.059864792972803116,0.06414084881544113,-0.11545353382825851
1788648242297421000,3.549421142578125,-0.03237585723400116,0.16310101747512817,-0.13316862285137177
1788648242313396200,3.565396240234375,0.08002334833145142,0.2632829248905182,-0.13744467496871948
1788648242329421000,3.581421142578125,0.20402899384498596,0.3390302062034607,-0.11178833991289139
1788648242345441500,3.597441650390625,0.34147366881370544,0.32009339332580566,-0.05619960278272629
1788648242361509600,3.613509521484375,0.45265114307403564,0.22418753802776337,0.025045474991202354
1788648242377562000,3.62956201171875,0.5210680365562439,0.11484266817569733,0.15577064454555511
1788648242393552100,3.64555224609375,0.5082398653030396,0.015882495790719986,0.2632829248905182
1788648242409533200,3.661533203125,0.4178318381309509,-0.11728613078594208,0.34208452701568604
1788648242425570600,3.677570556640625,0.1661553531885147,-0.39584067463874817,0.33719760179519653
1788648242441646300,3.693646240234375,0.01710422709584236,-0.5797111392021179,0.3127630054950714
1788648242457737000,3.709737060546875,0.04398229718208313,-0.45631635189056396,0.34025195240974426
1788648242473727500,3.7257275390625,0.17287486791610718,-0.08857546001672745,0.3891211748123169
1788648242489725200,3.74172509765625,0.13927727937698364,0.11239920556545258,0.3842342495918274
1788648242505761800,3.75776171875,0.08918632566928864,0.15821409225463867,0.24190263450145721
1788648242521845800,3.773845703125,0.1716531366109848,0.26145032048225403,-0.019547687843441963
1788648242537909800,3.78990966796875,0.23335053026676178,0.2871066629886627,-0.22357667982578278
1788648242553891000,3.80589111328125,0.2535090744495392,0.1771509200334549,-0.31031954288482666
1788648242569960400,3.82196044921875,0.3017674386501312,0.14538592100143433,-0.17531833052635193
1788648242585996500,3.83799658203125,0.37262779474258423,0.13927727937698364,0.06475171446800232
1788648242602086000,3.8540859375,0.4196644127368927,0.10384709388017654,0.3830125033855438
1788648242618146600,3.870146484375,0.394008070230484,0.033597588539123535,0.5821545720100403
1788648242634133800,3.8861337890625,0.3842342495918274,0.009773843921720982,0.6096435189247131
1788648242650214400,3.90221435546875,0.38179078698158264,0.04581489413976669,0.5009095072746277
1788648242666264600,3.9182646484375,0.35552358627319336,0.10323622822761536,0.26450464129447937
1788648242682262500,3.934262451171875,0.31031954288482666,0.14294247329235077,0.003054326167330146
1788648242698377700,3.950377685546875,0.25473082065582275,0.12461651116609573,-0.19425514340400696
1788648242714342400,3.96634228515625,0.20463985204696655,0.0708603709936142,-0.3292563557624817
1788648242730395400,3.9823955078125,0.16493362188339233,0.048258353024721146,-0.3481931984424591
1788648242746410800,3.99841064453125,0.13744467496871948,0.048258353024721146,-0.2968805134296417
1788648242762471400,4.014471435546875,0.1062905490398407,0.03298672288656235,-0.20952677726745605
1788648242778555100,4.03055517578125,0.08368854224681854,-0.019547687843441963,-0.13866640627384186
1788648242794526200,4.046526123046875,0.07941248267889023,-0.06902777403593063,-0.11056660860776901
1788648242810593300,4.06259326171875,0.09162978827953339,-0.12034045159816742,-0.10873401165008545
1788648242826611700,4.07861181640625,0.10873401165008545,-0.17959438264369965,-0.12889257073402405
1788648242842678300,4.09467822265625,0.11301007121801376,-0.22052235901355743,-0.13988813757896423
1788648242858788900,4.110788818359375,0.10201449692249298,-0.20891591906547546,-0.1569923609495163
1788648242874778600,4.126778564453125,0.07513642311096191,-0.17348572611808777,-0.20036379992961884
1788648242890754300,4.14275439453125,0.029932396486401558,-0.192422553896904,-0.2632829248905182
1788648242906786600,4.15878662109375,-0.022602014243602753,-0.2321287989616394,-0.2816088795661926
1788648242922866400,4.174866455078125,-0.07635815441608429,-0.23090706765651703,-0.2382374405860901
1788648242938917600,4.190917724609375,-0.12217304855585098,-0.17348572611808777,-0.1869247704744339
1788648242954915600,4.20691552734375,-0.14355333149433136,-0.1313360333442688,-0.17531833052635193
1788648242970891000,4.22289111328125,-0.13927727937698364,-0.0757472887635231,-0.16432274878025055
1788648242986937000,4.23893701171875,-0.1258382350206375,-0.01160643994808197,-0.12950342893600464
1788648243002976300,4.254976318359375,-0.11789698898792267,-0.01160643994808197,-0.09040805697441101
1788648243019026400,4.2710263671875,-0.10506882518529892,-0.07819075137376785,-0.025045474991202354
1788648243034986200,4.286986328125,-0.09773843735456467,-0.2076941877603531,0.07024950534105301
1788648243050958800,4.302958740234375,-0.12400564551353455,-0.30482175946235657,0.11789698898792267
1788648243067005400,4.31900537109375,-0.19425514340400696,-0.4343251883983612,0.07880161702632904
1788648243083005400,4.33500537109375,-0.27061331272125244,-0.578489363193512,-0.048258353024721146
1788648243099058400,4.351058349609375,-0.31154128909111023,-0.6212499737739563,-0.15454891324043274
1788648243115056600,4.367056640625,-0.34086281061172485,-0.5216789245605469,-0.17531833052635193
1788648243131118600,4.38311865234375,-0.3341432809829712,-0.2583959996700287,-0.11423180252313614
1788648243147168500,4.39916845703125,-0.3090978264808655,-0.04337143152952194,-0.02015855349600315
1788648243163225000,4.41522509765625,-0.35674530267715454,-0.01466076634824276,0.007941247895359993
1788648243179281700,4.43128173828125,-0.38240164518356323,0.06658431142568588,-0.07024950534105301
1788648243195252500,4.44725244140625,-0.37751471996307373,0.13072516024112701,-0.24556782841682434
1788648243211272200,4.463272216796875,-0.4056145250797272,0.14477506279945374,-0.3677408695220947
1788648243227288600,4.47928857421875,-0.4282165467739105,0.1973094791173935,-0.3121521472930908
1788648243243302700,4.495302734375,-0.40194934606552124,0.3286454975605011,-0.0024434609804302454
1788648243259388700,4.511388671875,-0.3646865487098694,0.3903428912162781,0.3579670190811157
1788648243275349200,4.527349365234375,-0.32009339332580566,0.27977627515792847,0.7031059265136719
1788648243291416800,4.543416748046875,-0.2687807083129883,0.05192354694008827,0.8808676600456238
1788648243307443000,4.55944287109375,-0.21502456068992615,-0.1918116807937622,0.8460483551025391
1788648243323521500,4.575521484375,-0.15577064454555511,-0.3536909818649292,0.6206390857696533
1788648243339615500,4.591615478515625,-0.11239920556545258,-0.40133845806121826,0.2278527319431305
1788648243355593000,4.607593017578125,-0.07269296050071716,-0.3897320330142975,-0.19853121042251587
1788648243371617800,4.62361767578125,-0.036041051149368286,-0.2919935882091522,-0.4758640229701996
1788648243387645700,4.639645751953125,-0.04459316283464432,-0.1319468915462494,-0.6120869517326355
1788648243403681000,4.655680908203125,-0.07513642311096191,0.06475171446800232,-0.5241223573684692
1788648243419788800,4.671788818359375,-0.0959058403968811,0.22296582162380219,-0.3139847218990326
1788648243435782100,4.6877822265625,-0.11056660860776901,0.3830125033855438,-0.02871066704392433
1788648243451807000,4.703806884765625,-0.11850785464048386,0.45631635189056396,0.15332718193531036
1788648243467847400,4.719847412109375,-0.10690141469240189,0.44776421785354614,0.19608774781227112
1788648243483882800,4.7358828125,-0.07696902006864548,0.3836233615875244,0.14905111491680145
1788648243499947800,4.75194775390625,-0.039706241339445114,0.2626720666885376,0.06169738993048668
1788648243515942000,4.76794189453125,0.0006108652451075613,0.18631389737129211,-0.004886921960860491
1788648243532023800,4.78402392578125,0.039706241339445114,0.09529497474431992,-0.06230825558304787
1788648243548077600,4.80007763671875,0.07941248267889023,0.0354301854968071,-0.07757988572120667
1788648243564129000,4.81612890625,0.10567969083786011,-0.001832595793530345,-0.08185594528913498
1788648243580203800,4.832203857421875,0.10751228034496307,-0.04948008432984352,-0.08124507963657379
1788648243596177700,4.848177734375,0.09957103431224823,-0.08735372871160507,-0.06780604273080826
1788648243612233500,4.8642333984375,0.10323622822761536,-0.12095131725072861,-0.019547687843441963
1788648243628288800,4.880288818359375,0.11178833991289139,-0.11178833991289139,0.02932153269648552
1788648243644292600,4.896292724609375,0.10995574295520782,-0.08552113175392151,0.0708603709936142
1788648243660393000,4.91239306640625,0.10690141469240189,-0.02687807008624077,0.08307767659425735
1788648243676369400,4.928369384765625,0.12034045159816742,0.04642575979232788,0.0861319974064827
1788648243692436200,4.944436279296875,0.15393804013729095,0.11545353382825851,0.09346238523721695
1788648243708449000,4.960448974609375,0.1869247704744339,0.09224065393209457,0.0806342139840126
1788648243724524300,4.976524169921875,0.2278527319431305,0.018936822190880775,0.0507018156349659
1788648243740611800,4.99261181640625,0.27611109614372253,-0.04153883829712868,0.00855211354792118
1788648243756593400,5.008593505859375,0.3188716471195221,-0.14782938361167908,-0.0507018156349659
1788648243772671700,5.024671630859375,0.36713001132011414,-0.23396138846874237,-0.09468411654233932
1788648243788702500,5.040702392578125,0.4337143301963806,-0.19120082259178162,-0.07024950534105301
1788648243804727300,5.056727294921875,0.5436700582504272,0.05009094998240471,0.06719517707824707
1788648243820867000,5.0728671875,0.5900958180427551,0.1918116807937622,0.2015855312347412
1788648243836858400,5.0888583984375,0.6090326309204102,0.08429940044879913,0.2070833146572113
1788648243852920800,5.1049208984375,0.675616979598999,-0.19853121042251587,0.1716531366109848
1788648243868953600,5.12095361328125,0.7220427393913269,-0.4306600093841553,0.1618792861700058
1788648243885037300,5.137037353515625,0.7391469478607178,-0.5149593949317932,0.21013765037059784
1788648243901127200,5.153127197265625,0.7654141783714294,-0.3732386529445648,0.3194825351238251
1788648243917120500,5.16912060546875,0.7733554244041443,-0.11423180252313614,0.3830125033855438
1788648243933094400,5.185094482421875,0.7373143434524536,0.07024950534105301,0.33108896017074585
1788648243949143000,5.20114306640625,0.7128797173500061,0.17043140530586243,0.24434609711170197
1788648243965238800,5.21723876953125,0.6768386960029602,0.25106561183929443,0.1661553531885147
1788648243981296600,5.233296630859375,0.6126978397369385,0.27977627515792847,0.13561208546161652
1788648243997307600,5.2493076171875,0.5558874011039734,0.27122417092323303,0.12461651116609573
1788648244013335600,5.26533544921875,0.48197266459465027,0.26083946228027344,0.08124507963657379
1788648244029389300,5.281389404296875,0.39156460762023926,0.2779437005519867,0.0024434609804302454
1788648244045493500,5.297493408203125,0.3078760802745819,0.304210901260376,-0.07452555745840073
1788648244061549600,5.313549560546875,0.20525072515010834,0.34147366881370544,-0.16798794269561768
1788648244077515500,5.329515625,0.10018189996480942,0.36590829491615295,-0.2791654169559479
1788648244093539600,5.34553955078125,0.045204028487205505,0.32620203495025635,-0.34574973583221436
1788648244109594600,5.3615947265625,0.00427605677396059,0.23518311977386475,-0.3640756905078888
1788648244125661400,5.377661376953125,-0.009773843921720982,0.13316862285137177,-0.31581732630729675
1788648244141711600,5.393711669921875,-0.0024434609804302454,0.04764748737215996,-0.20830504596233368
1788648244157682700,5.4096826171875,0.006108652334660292,-0.016493361443281174,-0.10262536257505417
1788648244173701000,5.425701171875,0.00427605677396059,-0.04886921867728233,-0.00427605677396059
1788648244189713400,5.44171337890625,0.004886921960860491,-0.09712757170200348,0.022602014243602753
1788648244205823500,5.457823486328125,0.006108652334660292,-0.16493362188339233,-0.02076941914856434
1788648244221877200,5.473877197265625,-0.00855211354792118,-0.22540926933288574,-0.10018189996480942
1788648244237865000,5.489864990234375,-0.02626720629632473,-0.252287358045578,-0.14782938361167908
1788648244253905000,5.50590478515625,-0.028099801391363144,-0.23090706765651703,-0.14416420459747314
1788648244269936400,5.521936279296875,-0.06108652427792549,-0.18631389737129211,-0.06658431142568588
1788648244286019000,5.53801904296875,-0.11423180252313614,-0.15454891324043274,0.05619960278272629
1788648244302069500,5.554069580078125,-0.16310101747512817,-0.13988813757896423,0.12950342893600464
1788648244318075400,5.570075439453125,-0.19792033731937408,-0.21441370248794556,0.14782938361167908
1788648244334106000,5.586106201171875,-0.19608774781227112,-0.3885102868080139,0.152105450630188
1788648244350140700,5.602140625,-0.20463985204696655,-0.5791002511978149,0.1918116807937622
1788648244366225200,5.61822509765625,-0.1918116807937622,-0.7434229850769043,0.22357667982578278
1788648244382283500,5.634283447265625,-0.20097467303276062,-0.846659243106842,0.19120082259178162
1788648244398288400,5.650288330078125,-0.2840523421764374,-0.7470881938934326,0.009773843921720982
1788648244414284500,5.666284423828125,-0.3384193480014801,-0.4398229718208313,-0.23457226157188416
1788648244430327800,5.682327880859375,-0.3072652220726013,0.22663100063800812,-0.5320636034011841
1788648244446424600,5.698424560546875,-0.192422553896904,0.7092145681381226,-0.7660250067710876
1788648244462502000,5.714501953125,-0.2021963894367218,0.7922922372817993,-0.8857545852661133
1788648244478493700,5.73049365234375,-0.3188716471195221,0.6615670323371887,-0.9040805697441101
1788648244494572500,5.746572509765625,-0.4434881806373596,0.40072759985923767,-0.7721336483955383
1788648244510627600,5.762627685546875,-0.5009095072746277,0.27550023794174194,-0.4960225820541382
1788648244526625000,5.778625,-0.43676865100860596,0.31031954288482666,0.0024434609804302454
1788648244542739200,5.7947392578125,-0.2376265823841095,0.45631635189056396,0.5302310585975647
1788648244558741200,5.8107412109375,-0.02076941914856434,0.4801400899887085,0.8894197940826416
1788648244574832600,5.82683251953125,0.13561208546161652,0.30115658044815063,0.96883225440979
1788648244590841300,5.84284130859375,0.24862214922904968,-0.03726277872920036,0.8387179970741272
1788648244606898200,5.858898193359375,0.26511552929878235,-0.3439171314239502,0.5858197808265686
1788648244623031800,5.87503173828125,0.1966986060142517,-0.4056145250797272,0.3597996234893799
1788648244638998300,5.890998291015625,0.04459316283464432,-0.3701843321323395,0.12522737681865692
1788648244655075600,5.90707568359375,-0.152105450630188,-0.28527405858039856,-0.0659734457731247
1788648244671101700,5.923101806640625,-0.32620203495025635,-0.19853121042251587,-0.18570303916931152
1788648244687125800,5.939125732421875,-0.4709770977497101,-0.1014036312699318,-0.2376265823841095
1788648244703227600,5.9552275390625,-0.5161811113357544,-0.00733038317412138,-0.20402899384498596
1788648244719208000,5.9712080078125,-0.48747047781944275,0.14844025671482086,-0.10934487730264664
1788648244735283200,5.987283203125,-0.4086688458919525,0.294437050819397,-0.028099801391363144
1788648244751309300,6.003309326171875,-0.28099802136421204,0.40072759985923767,0.02015855349600315
1788648244767336000,6.0193359375,-0.182648703455925,0.40256020426750183,0.009773843921720982
1788648244783386000,6.03538623046875,-0.13072516024112701,0.37140607833862305,-0.03176499158143997
1788648244799371500,6.05137158203125,-0.09468411654233932,0.3243694305419922,-0.09285151958465576
1788648244815360500,6.067360595703125,-0.0861319974064827,0.21441370248794556,-0.14782938361167908
1788648244831396600,6.083396728515625,-0.09468411654233932,0.09224065393209457,-0.17531833052635193
1788648244847476500,6.0994765625,-0.10384709388017654,-0.021991148591041565,-0.17837265133857727
1788648244863554000,6.115553955078125,-0.09346238523721695,-0.10567969083786011,-0.16432274878025055
1788648244879559200,6.13155908203125,-0.07941248267889023,-0.1466076523065567,-0.14049901068210602
1788648244895545000,6.147545166015625,-0.05864306539297104,-0.15943582355976105,-0.08674286305904388
1788648244911592400,6.163592529296875,-0.015882495790719986,-0.15332718193531036,-0.012217304669320583
1788648244927687200,6.179687255859375,0.059864792972803116,-0.0959058403968811,0.0507018156349659
1788648244943736300,6.195736328125,0.13988813757896423,-0.01038470957428217,0.07513642311096191
1788648244959705000,6.211705078125,0.2321287989616394,0.09651670604944229,0.0708603709936142
1788648244975682000,6.22768212890625,0.3139847218990326,0.16859880089759827,0.045204028487205505
1788648244991739000,6.24373876953125,0.3677408695220947,0.17104226350784302,0.022602014243602753
1788648245007790300,6.259790283203125,0.4178318381309509,0.12217304855585098,0.005497787147760391
1788648245023842800,6.2758427734375,0.45875978469848633,0.02076941914856434,0.029932396486401558
1788648245039811800,6.291811767578125,0.4605923891067505,-0.13866640627384186,0.07147123664617538
1788648245055793000,6.30779296875,0.41722095012664795,-0.3286454975605011,0.1270599663257599
1788648245071810300,6.323810302734375,0.3695734739303589,-0.3830125033855438,0.18448130786418915
1788648245087813600,6.339813720703125,0.3854559659957886,-0.2779437005519867,0.22052235901355743
1788648245103900200,6.355900146484375,0.46181413531303406,-0.039095375686883926,0.2021963894367218
1788648245119880000,6.3718798828125,0.44593164324760437,0.054367005825042725,0.039095375686883926
1788648245135904800,6.38790478515625,0.394618958234787,0.048258353024721146,-0.15393804013729095
1788648245151925800,6.40392578125,0.3341432809829712,0.006108652334660292,-0.2834414839744568
1788648245167994000,6.419994140625,0.26450464129447937,-0.028099801391363144,-0.24007004499435425
1788648245184081200,6.4360810546875,0.2577851414680481,0.04703662544488907,-0.045204028487205505
1788648245200049000,6.452048828125,0.3378084897994995,0.17959438264369965,0.15393804013729095
1788648245216067800,6.46806787109375,0.46547931432724,0.25595253705978394,0.27550023794174194
1788648245232093200,6.48409326171875,0.5418374538421631,0.2168571650981903,0.251676470041275
1788648245248118000,6.500117919921875,0.5552765130996704,0.16249015927314758,0.18570303916931152
1788648245264214000,6.516214111328125,0.5571091175079346,0.08857546001672745,0.12767083942890167
1788648245280201700,6.53220166015625,0.5650503635406494,0.10018189996480942,0.14416420459747314
1788648245296222700,6.54822265625,0.5503895878791809,0.15454891324043274,0.18020524084568024
1788648245312251000,6.5642509765625,0.49785518646240234,0.18997909128665924,0.1966986060142517
1788648245328332800,6.580332763671875,0.4386012554168701,0.17592918872833252,0.1722639948129654
1788648245344383700,6.5963837890625,0.38667771220207214,0.09773843735456467,0.11484266817569733
1788648245360385300,6.61238525390625,0.32009339332580566,-0.018325956538319588,0.03420845419168472
1788648245384489700,6.63648974609375,0.24495697021484375,-0.12767083942890167,-0.04642575979232788
1788648245400483800,6.65248388671875,0.20830504596233368,-0.10384709388017654,-0.030543262138962746
1788648245416497700,6.66849755859375,0.192422553896904,0.00855211354792118,0.01771509274840355
1788648245432519400,6.68451953125,0.20952677726745605,0.10384709388017654,0.04092797264456749
1788648245448569900,6.70056982421875,0.26145032048225403,0.1014036312699318,0.01038470957428217
1788648245464645600,6.716645751953125,0.29565876722335815,-0.01160643994808197,-0.04153883829712868
1788648245480702700,6.73270263671875,0.29626965522766113,-0.1362229436635971,-0.07757988572120667
1788648245496789800,6.748789794921875,0.2571742534637451,-0.3090978264808655,-0.08429940044879913
1788648245512817200,6.764817138671875,0.21868975460529327,-0.42699480056762695,-0.02687807008624077
1788648245528870700,6.78087060546875,0.192422553896904,-0.42088615894317627,0.04337143152952194
1788648245544945000,6.79694482421875,0.15760323405265808,-0.34086281061172485,0.09834930300712585
1788648245560959700,6.812959716796875,0.11911872029304504,-0.2626720666885376,0.08735372871160507
1788648245576998400,6.828998291015625,0.07880161702632904,-0.22846360504627228,0.03420845419168472
1788648245593042400,6.84504248046875,0.033597588539123535,-0.25595253705978394,-0.033597588539123535
1788648245609118000,6.861117919921875,-0.013439035043120384,-0.313373863697052,-0.05497787147760391
1788648245625208600,6.87720849609375,-0.06658431142568588,-0.3799581825733185,-0.02871066704392433
1788648245641172200,6.893172119140625,-0.12095131725072861,-0.41233405470848083,0.005497787147760391
1788648245657196300,6.9091962890625,-0.20463985204696655,-0.43737950921058655,0.015271631069481373
1788648245673237800,6.92523779296875,-0.304210901260376,-0.4434881806373596,-0.010995574295520782
1788648245689312300,6.941312255859375,-0.4001167416572571,-0.45326200127601624,-0.060475658625364304
1788648245705372700,6.95737255859375,-0.49846604466438293,-0.43615779280662537,-0.1062905490398407
1788648245721348600,6.9733486328125,-0.5485569834709167,-0.3084869384765625,-0.0959058403968811
1788648245737345500,6.989345458984375,-0.5229006409645081,-0.09834930300712585,-0.0507018156349659
1788648245753347300,7.005347412109375,-0.38179078698158264,0.11239920556545258,-0.05192354694008827
1788648245769383000,7.0213828125,-0.3066543638706207,-0.07513642311096191,-0.23884831368923187
1788648245785431800,7.037431884765625,-0.35613444447517395,-0.20891591906547546,-0.4508185386657715
1788648245801415700,7.053415771484375,-0.523511528968811,-0.18509216606616974,-0.6053674817085266
1788648245817508400,7.06950830078125,-0.7623597979545593,-0.06414084881544113,-0.6114761233329773
1788648245833516500,7.0855166015625,-0.8851437568664551,0.19120082259178162,-0.455705463886261
1788648245849540900,7.101540771484375,-0.8203920125961304,0.5406157374382019,-0.15821409225463867
1788648245865631200,7.11763134765625,-0.59803706407547,0.7678576111793518,0.14477506279945374
1788648245881624800,7.133624755859375,-0.37751471996307373,0.5962044596672058,0.33719760179519653
1788648245897735200,7.149735107421875,-0.21502456068992615,0.17837265133857727,0.40072759985923767
1788648245913741000,7.165740966796875,-0.11667526513338089,-0.34758231043815613,0.4196644127368927
1788648245929834000,7.181833984375,-0.12767083942890167,-0.646295428276062,0.43676865100860596
1788648245945933000,7.19793310546875,-0.2321287989616394,-0.6743952035903931,0.4404338300228119
1788648245961941000,7.21394091796875,-0.42210787534713745,-0.5198463201522827,0.3927863538265228
1788648245977970400,7.229970458984375,-0.4856378734111786,-0.3378084897994995,0.26145032048225403
1788648245993982700,7.245982666015625,-0.4092797040939331,-0.2217440903186798,0.1007927656173706
1788648246010043000,7.26204296875,-0.33292156457901,-0.059864792972803116,-0.06230825558304787
1788648246026097000,7.278096923828125,-0.30604347586631775,0.06780604273080826,-0.12339477986097336
1788648246042064600,7.294064697265625,-0.2981022298336029,0.18570303916931152,-0.06352998316287994
1788648246058095000,7.31009521484375,-0.30543261766433716,0.31459560990333557,0.07513642311096191
1788648246074101800,7.326101806640625,-0.2919935882091522,0.34758231043815613,0.182648703455925
1788648246090169600,7.342169677734375,-0.22663100063800812,0.28099802136421204,0.20097467303276062
1788648246106218200,7.35821826171875,-0.13805554807186127,0.21502456068992615,0.1716531366109848
1788648246122194700,7.374194580078125,-0.05375614017248154,0.1661553531885147,0.10201449692249298
1788648246138246100,7.39024609375,-0.04214970022439957,0.11728613078594208,0.02687807008624077
1788648246154249000,7.4062490234375,-0.060475658625364304,0.08307767659425735,-0.02932153269648552
1788648246170324200,7.42232421875,-0.08429940044879913,0.06902777403593063,-0.10812314599752426
1788648246186371800,7.438371826171875,-0.08491026610136032,0.030543262138962746,-0.1875356286764145
1788648246202380300,7.45438037109375,-0.06352998316287994,0.03787364438176155,-0.22418753802776337
1788648246226499800,7.478499755859375,0.01038470957428217,0.11667526513338089,-0.2076941877603531
1788648246242496300,7.494496337890625,0.06230825558304787,0.16859880089759827,-0.18509216606616974
1788648246258526200,7.510526123046875,0.09285151958465576,0.14538592100143433,-0.1569923609495163
1788648246274568400,7.526568359375,0.11178833991289139,0.09162978827953339,-0.1111774742603302
1788648246290617300,7.542617431640625,0.15821409225463867,0.04886921867728233,0.003054326167330146
1788648246306681000,7.55868115234375,0.20463985204696655,0.0757472887635231,0.14233160018920898
1788648246322684200,7.57468408203125,0.24678955972194672,0.12400564551353455,0.20952677726745605
1788648246338679300,7.59067919921875,0.2828305959701538,0.12767083942890167,0.19547687470912933
1788648246354728000,7.60672802734375,0.32070425152778625,0.07391469180583954,0.12889257073402405
1788648246370769000,7.622768798828125,0.3530801236629486,-0.031154127791523933,0.051312681287527084
1788648246386848300,7.63884814453125,0.3927863538265228,-0.08918632566928864,0.01710422709584236
1788648246402850300,7.654850341796875,0.4709770977497101,-0.09224065393209457,0.04764748737215996
1788648246418881000,7.670881103515625,0.5564982295036316,0.05803219974040985,0.1514945775270462
1788648246434930000,7.686929931640625,0.588874101638794,0.12828169763088226,0.24862214922904968
1788648246451030000,7.703030029296875,0.5809328556060791,0.06963863968849182,0.2632829248905182
1788648246467112700,7.71911279296875,0.6041457056999207,-0.04214970022439957,0.18081611394882202
1788648246483072800,7.73507275390625,0.6383541822433472,-0.09834930300712585,0.1270599663257599
1788648246499112700,7.75111279296875,0.6646214127540588,-0.08307767659425735,0.15271630883216858
1788648246515170800,7.7671708984375,0.6933320760726929,-0.031154127791523933,0.2687807083129883
1788648246531220200,7.78322021484375,0.7134906053543091,-0.012828170321881771,0.394008070230484
1788648246547298300,7.79929833984375,0.7134906053543091,0.006719517521560192,0.4440990388393402
1788648246563265500,7.815265625,0.7079927921295166,0.03481931984424591,0.42088615894317627
1788648246579319600,7.831319580078125,0.6994407176971436,0.09651670604944229,0.35063666105270386
1788648246595335000,7.8473349609375,0.6939429044723511,0.1264491081237793,0.2834414839744568
1788648246611350300,7.863350341796875,0.6640105247497559,0.09224065393209457,0.20586158335208893
1788648246627437600,7.8794375,0.6029239892959595,-0.006108652334660292,0.13866640627384186
1788648246643414800,7.895414794921875,0.5149593949317932,-0.10262536257505417,0.09346238523721695
1788648246659425300,7.91142529296875,0.4092797040939331,-0.1814269721508026,0.04948008432984352
1788648246675450400,7.927450439453125,0.30115658044815063,-0.20341812074184418,-0.013439035043120384
1788648246691476500,7.9434765625,0.19058994948863983,-0.19975294172763824,-0.08552113175392151
1788648246707524400,7.9595244140625,0.06963863968849182,-0.12950342893600464,-0.1875356286764145
1788648246723513600,7.975513671875,-0.02382374368607998,-0.039095375686883926,-0.2938261926174164
1788648246739533300,7.991533203125,-0.06475171446800232,0.08674286305904388,-0.3439171314239502
1788648246755569700,8.007569580078124,-0.0757472887635231,0.22540926933288574,-0.3488040566444397
1788648246771606300,8.023606201171875,-0.0354301854968071,0.31459560990333557,-0.32131510972976685
1788648246787652900,8.03965283203125,0.027488935738801956,0.33108896017074585,-0.2840523421764374
1788648246803652000,8.055652099609375,0.07208210229873657,0.22968533635139465,-0.21930062770843506
1788648246819671600,8.071671630859376,0.08735372871160507,0.06536258012056351,-0.10384709388017654
1788648246835720000,8.087719970703125,0.08429940044879913,-0.09407325088977814,-0.029932396486401558
1788648246851814400,8.103814453125,0.10262536257505417,-0.19120082259178162,-0.022602014243602753
1788648246867860000,8.11985986328125,0.12034045159816742,-0.22846360504627228,-0.04886921867728233
1788648246883826200,8.135826171875,0.13377949595451355,-0.2217440903186798,-0.05314527451992035
1788648246899798300,8.15179833984375,0.13377949595451355,-0.20097467303276062,-0.025656340643763542
1788648246915807200,8.16780712890625,0.1215621829032898,-0.15882496535778046,0.02321287989616394
1788648246931860000,8.18385986328125,0.10751228034496307,-0.11301007121801376,0.059864792972803116
1788648246947913200,8.199913330078125,0.08552113175392151,-0.1270599663257599,0.04764748737215996
1788648246963887400,8.215887451171875,0.06108652427792549,-0.15515977144241333,0.018325956538319588
1788648246979862500,8.231862548828126,0.024434609338641167,-0.16249015927314758,0.04459316283464432
1788648246995876900,8.247876953125,-0.03726277872920036,-0.14538592100143433,0.11972958594560623
1788648247011885800,8.2638857421875,-0.14966198801994324,-0.15515977144241333,0.2070833146572113
1788648247027935700,8.279935791015625,-0.2528982162475586,-0.18570303916931152,0.21380282938480377
1788648247043921000,8.2959208984375,-0.3023782968521118,-0.16310101747512817,0.15577064454555511
1788648247059898600,8.311898681640624,-0.2773328125476837,-0.012217304669320583,0.10873401165008545
1788648247075926300,8.32792626953125,-0.24923302233219147,0.08368854224681854,0.11178833991289139
1788648247091994400,8.343994384765624,-0.29565876722335815,-0.0006108652451075613,0.1313360333442688
1788648247108081400,8.360081298828124,-0.32559117674827576,-0.09346238523721695,0.16554448008537292
1788648247124081000,8.376080810546876,-0.31520646810531616,-0.11850785464048386,0.19303341209888458
1788648247140060200,8.39206005859375,-0.35674530267715454,-0.22846360504627228,0.1411098688840866
1788648247156096800,8.4080966796875,-0.42088615894317627,-0.2834414839744568,0.02932153269648552
1788648247172126200,8.424126220703124,-0.4538728892803192,-0.3830125033855438,-0.1618792861700058
1788648247188193300,8.440193359375,-0.4398229718208313,-0.5112941861152649,-0.36224308609962463
1788648247204180000,8.456179931640625,-0.38179078698158264,-0.5626068711280823,-0.44715335965156555
1788648247220210000,8.4722099609375,-0.25045475363731384,-0.5064072608947754,-0.3891211748123169
1788648247236245800,8.488245849609376,-0.0959058403968811,-0.26939156651496887,-0.16004669666290283
1788648247252329700,8.504329833984375,0.01038470957428217,0.031154127791523933,0.1062905490398407
1788648247268390100,8.52039013671875,0.036041051149368286,0.24129177629947662,0.3830125033855438
1788648247284392200,8.53639208984375,-0.021991148591041565,0.15760323405265808,0.5021312236785889
1788648247300383200,8.55238330078125,-0.08552113175392151,-0.0555887371301651,0.45814892649650574
1788648247316433400,8.568433349609375,-0.11178833991289139,-0.19486601650714874,0.34086281061172485
1788648247332528400,8.5845283203125,-0.11056660860776901,-0.3176499307155609,0.15760323405265808
1788648247348593200,8.60059326171875,-0.08979719132184982,-0.485027015209198,-0.039706241339445114
1788648247364554000,8.616553955078125,-0.06291911751031876,-0.543059229850769,-0.18631389737129211
1788648247380552200,8.63255224609375,-0.030543262138962746,-0.4715879559516907,-0.28588494658470154
1788648247396606500,8.6486064453125,0.001832595793530345,-0.24190263450145721,-0.2742784917354584
1788648247412654300,8.664654296875,0.03481931984424591,-0.009773843921720982,-0.2021963894367218
1788648247428725500,8.6807255859375,0.08979719132184982,0.2528982162475586,-0.10690141469240189
1788648247444687600,8.6966875,0.12034045159816742,0.41599923372268677,-0.036041051149368286
1788648247460734500,8.712734375,0.12767083942890167,0.49235737323760986,0.02015855349600315
1788648247476737300,8.7287373046875,0.1215621829032898,0.5180137157440186,0.06536258012056351
1788648247492795600,8.744795654296874,0.10384709388017654,0.4697553813457489,0.0708603709936142
1788648247508883700,8.7608837890625,0.07880161702632904,0.3543018400669098,0.02626720629632473
1788648247523971800,8.775971923828125,0.056810468435287476,0.24678955972194672,-0.0354301854968071
1788648247540025000,8.792025146484375,0.021380282938480377,0.16859880089759827,-0.1007927656173706
1788648247556045300,8.80804541015625,-0.036651913076639175,0.12217304855585098,-0.18387043476104736
1788648247572058600,8.82405859375,-0.07452555745840073,0.11789698898792267,-0.23945917189121246
1788648247588160800,8.840160888671875,-0.07635815441608429,0.1466076523065567,-0.26633724570274353
1788648247604153600,8.856153564453125,-0.06536258012056351,0.16432274878025055,-0.2590068578720093
1788648247620182300,8.872182373046876,-0.06475171446800232,0.13988813757896423,-0.21135938167572021
1788648247636216300,8.88821630859375,-0.08491026610136032,0.0910189226269722,-0.1160643994808197
1788648247652296200,8.904296142578126,-0.1062905490398407,0.07024950534105301,-0.012828170321881771
1788648247668349200,8.92034912109375,-0.10384709388017654,0.04153883829712868,0.09040805697441101
1788648247684347600,8.93634765625,-0.07024950534105301,0.03237585723400116,0.14782938361167908
1788648247708430800,8.960430908203126,0.00427605677396059,0.10384709388017654,0.1875356286764145
1788648247724425700,8.97642578125,0.04398229718208313,0.1270599663257599,0.2015855312347412
1788648247740443400,8.992443359375,0.07880161702632904,0.09529497474431992,0.21624629199504852
1788648247756448000,9.008447998046876,0.10506882518529892,0.01160643994808197,0.21319197118282318
1788648247772450800,9.024450927734375,0.1264491081237793,-0.06475171446800232,0.18875735998153687
1788648247788500000,9.0405,0.14355333149433136,-0.08857546001672745,0.1716531366109848
1788648247804502000,9.056501953125,0.16859880089759827,-0.03726277872920036,0.1612684279680252
1788648247820575200,9.0725751953125,0.14844025671482086,-0.004886921960860491,0.14966198801994324
1788648247836581600,9.08858154296875,0.10262536257505417,0.03237585723400116,0.08307767659425735
1788648247852639200,9.10463916015625,0.10567969083786011,0.10323622822761536,-0.07819075137376785
1788648247868700200,9.1207001953125,0.0959058403968811,0.01466076634824276,-0.26572638750076294
1788648247884707600,9.13670751953125,0.08246681094169617,-0.12095131725072861,-0.31459560990333557
1788648247900815400,9.1528154296875,0.08735372871160507,-0.14416420459747314,-0.1514945775270462
1788648247916820700,9.16882080078125,0.1014036312699318,-0.025045474991202354,0.1319468915462494
1788648247932912600,9.18491259765625,0.1313360333442688,0.0757472887635231,0.3078760802745819
1788648247948961300,9.200961181640626,0.1918116807937622,0.19303341209888458,0.3781255781650543
1788648247964978700,9.216978759765626,0.2791654169559479,0.28588494658470154,0.37568211555480957
1788648247981057300,9.233057373046876,0.3530801236629486,0.304210901260376,0.3793473243713379
1788648247997065700,9.249065673828126,0.41722095012664795,0.24556782841682434,0.3878994286060333
1788648248013132500,9.265132568359375,0.45692721009254456,0.19853121042251587,0.35124751925468445
1788648248029180200,9.28118017578125,0.46242499351501465,0.15882496535778046,0.23090706765651703
1788648248045161000,9.297160888671876,0.44654250144958496,0.11301007121801376,0.07391469180583954
1788648248061205000,9.313205078125,0.394618958234787,0.016493361443281174,-0.09040805697441101
1788648248077215700,9.3292158203125,0.3170390725135803,-0.03848451003432274,-0.15821409225463867
1788648248093301000,9.345301025390626,0.24678955972194672,-0.02687807008624077,-0.13805554807186127
1788648248109356500,9.3613564453125,0.1716531366109848,0.10995574295520782,-0.07024950534105301
1788648248125346300,9.37734619140625,0.11911872029304504,0.24678955972194672,-0.033597588539123535
1788648248141396000,9.39339599609375,0.10262536257505417,0.3274237811565399,-0.04092797264456749
1788648248157410300,9.409410400390625,0.09468411654233932,0.33658674359321594,-0.07696902006864548
1788648248173454000,9.4254541015625,0.08857546001672745,0.30543261766433716,-0.09957103431224823
1788648248189515800,9.441515869140625,0.0806342139840126,0.25045475363731384,-0.1111774742603302
1788648248205510000,9.457510009765626,0.07208210229873657,0.14477506279945374,-0.13561208546161652
1788648248221569300,9.4735693359375,0.05619960278272629,0.036651913076639175,-0.16065755486488342
1788648248237591300,9.48959130859375,0.01160643994808197,-0.07452555745840073,-0.17898350954055786
1788648248253691400,9.50569140625,-0.022602014243602753,-0.13744467496871948,-0.1820378452539444
1788648248269763800,9.521763916015624,-0.06169738993048668,-0.19303341209888458,-0.15943582355976105
1788648248285772300,9.537772216796874,-0.09834930300712585,-0.21074850857257843,-0.11423180252313614
1788648248301840400,9.55384033203125,-0.11789698898792267,-0.21624629199504852,-0.05192354694008827
1788648248317881900,9.5698818359375,-0.1270599663257599,-0.24495697021484375,0.039095375686883926
1788648248333886200,9.58588623046875,-0.1459967941045761,-0.2767219543457031,0.13255776464939117
1788648248349964300,9.60196435546875,-0.16554448008537292,-0.3017674386501312,0.18631389737129211
1788648248365926400,9.617926513671875,-0.19120082259178162,-0.32498031854629517,0.20402899384498596
1788648248381943800,9.63394384765625,-0.2370157092809677,-0.35185837745666504,0.1667662113904953
1788648248397984000,9.64998388671875,-0.2877175211906433,-0.3677408695220947,0.12339477986097336
1788648248414045700,9.666045654296875,-0.35246923565864563,-0.4001167416572571,0.09346238523721695
1788648248430125600,9.68212548828125,-0.40133845806121826,-0.3982841372489929,0.12217304855585098
1788648248446094800,9.6980947265625,-0.4495968222618103,-0.38606682419776917,0.1771509200334549
1788648248462131000,9.714130859375,-0.47342056035995483,-0.37262779474258423,0.1966986060142517
1788648248478175500,9.730175537109375,-0.4954117238521576,-0.3188716471195221,0.16554448008537292
1788648248494247400,9.746247314453125,-0.5082398653030396,-0.2974913716316223,0.11667526513338089
1788648248510356500,9.7623564453125,-0.513737678527832,-0.29016098380088806,0.07941248267889023
1788648248526334500,9.77833447265625,-0.5149593949317932,-0.27122417092323303,0.028099801391363144
1788648248542374700,9.794374755859375,-0.49785518646240234,-0.22357667982578278,-0.02687807008624077
1788648248558427000,9.810427001953125,-0.485027015209198,-0.24068090319633484,-0.0806342139840126
1788648248574512400,9.826512451171874,-0.4893030524253845,-0.3078760802745819,-0.14049901068210602
1788648248590563600,9.8425634765625,-0.4899139404296875,-0.3628539443016052,-0.19792033731937408
1788648248606554600,9.8585546875,-0.484416127204895,-0.3897320330142975,-0.25106561183929443
1788648248622619100,9.874619140625,-0.47342056035995483,-0.35552358627319336,-0.2938261926174164
1788648248638629400,9.89062939453125,-0.44654250144958496,-0.19120082259178162,-0.2926044464111328
1788648248654723300,9.906723388671875,-0.40622538328170776,0.03298672288656235,-0.2822197377681732
1788648248670775800,9.92277587890625,-0.3549126982688904,0.1966986060142517,-0.2583959996700287
1788648248686769000,9.938768798828125,-0.30115658044815063,0.3341432809829712,-0.22602014243602753
1788648248702825700,9.95482568359375,-0.2669481039047241,0.3176499307155609,-0.1722639948129654
1788648248718837800,9.970837646484375,-0.22663100063800812,0.2828305959701538,-0.09896016865968704
1788648248734936300,9.986936279296875,-0.18325957655906677,0.18325957655906677,-0.02015855349600315
1788648248750989000,10.002989013671876,-0.152105450630188,0.12217304855585098,0.03176499158143997
1788648248766997000,10.0189970703125,-0.1264491081237793,0.09346238523721695,0.056810468435287476
1788648248783014400,10.035014404296875,-0.11239920556545258,0.04337143152952194,0.05803219974040985
1788648248799022000,10.05102197265625,-0.09834930300712585,-0.03237585723400116,0.02871066704392433
1788648248815028000,10.067028076171875,-0.08491026610136032,-0.14844025671482086,-0.02321287989616394
1788648248831078700,10.08307861328125,-0.08429940044879913,-0.2528982162475586,-0.0555887371301651
1788648248847089000,10.0990888671875,-0.09224065393209457,-0.34208452701568604,-0.054367005825042725
1788648248863120400,10.115120361328126,-0.06902777403593063,-0.3176499307155609,0.007941247895359993
1788648248879151600,10.131151611328125,-0.051312681287527084,-0.26145032048225403,0.07208210229873657
1788648248895218000,10.147218017578124,-0.03420845419168472,-0.18020524084568024,0.11789698898792267
1788648248911267800,10.163267822265626,-0.036651913076639175,-0.09162978827953339,0.11789698898792267
1788648248927244500,10.17924462890625,-0.06169738993048668,-0.0708603709936142,0.07208210229873657
1788648248943284200,10.1952841796875,-0.09651670604944229,-0.05925392732024193,0.003054326167330146
1788648248959291100,10.211291015625,-0.1258382350206375,-0.07513642311096191,-0.05925392732024193
1788648248975368000,10.227367919921875,-0.13988813757896423,-0.04886921867728233,-0.0806342139840126
1788648248991433000,10.243432861328126,-0.13561208546161652,0.01160643994808197,-0.07696902006864548
1788648249007415300,10.259415283203126,-0.12400564551353455,0.05375614017248154,-0.05497787147760391
1788648249023458000,10.2754580078125,-0.1160643994808197,0.10506882518529892,-0.04642575979232788
1788648249039464000,10.2914638671875,-0.10567969083786011,0.054367005825042725,-0.042760565876960754
1788648249055497000,10.3074970703125,-0.09468411654233932,0.036041051149368286,-0.006719517521560192
1788648249071553500,10.323553466796875,-0.09407325088977814,0.01038470957428217,0.02321287989616394
1788648249087543600,10.33954345703125,-0.09040805697441101,-0.00733038317412138,0.039706241339445114
1788648249103595800,10.355595703125,-0.06108652427792549,0.06169738993048668,0.03787364438176155
1788648249119613200,10.37161328125,-0.04153883829712868,0.07757988572120667,0.015271631069481373
1788648249135709200,10.387709228515625,-0.05009094998240471,0.051312681287527084,0.014049900695681572
1788648249151775000,10.40377490234375,-0.06780604273080826,0.01038470957428217,0.04153883829712868
1788648249167780400,10.4197802734375,-0.08002334833145142,-0.014049900695681572,0.04642575979232788
1788648249183782000,10.435781982421876,-0.07880161702632904,-0.033597588539123535,0.01160643994808197
1788648249199809300,10.451809326171874,-0.07391469180583954,-0.07330382615327835,-0.06291911751031876
1788648249215906000,10.467906005859374,-0.06230825558304787,-0.09651670604944229,-0.09651670604944229
1788648249231983000,10.483983154296874,-0.0659734457731247,-0.11423180252313614,-0.06352998316287994
1788648249247989500,10.499989501953126,-0.05742133408784866,0.00366519158706069,-0.02871066704392433
1788648249264059600,10.5160595703125,-0.025656340643763542,0.02871066704392433,-0.0708603709936142
1788648249280079600,10.53207958984375,0.014049900695681572,0.013439035043120384,-0.11362093687057495
1788648249296085000,10.5480849609375,0.03726277872920036,0.00427605677396059,-0.09529497474431992
1788648249312164600,10.56416455078125,0.05375614017248154,-0.03787364438176155,-0.030543262138962746
1788648249328127500,10.58012744140625,0.060475658625364304,-0.0861319974064827,0.003054326167330146
1788648249344155000,10.59615478515625,0.05742133408784866,-0.10812314599752426,-0.003054326167330146
1788648249360196000,10.612196044921875,0.05497787147760391,-0.11667526513338089,-0.031154127791523933
1788648249376266200,10.628266357421875,0.042760565876960754,-0.11545353382825851,-0.0354301854968071
1788648249392359000,10.64435888671875,0.019547687843441963,-0.10995574295520782,-0.022602014243602753
1788648249408328000,10.660327880859375,-0.00427605677396059,-0.08735372871160507,-0.015271631069481373
1788648249424364500,10.676364501953126,-0.01710422709584236,-0.07330382615327835,-0.02871066704392433
1788648249440419000,10.692419189453124,-0.036041051149368286,-0.05497787147760391,-0.05619960278272629
1788648249456424400,10.708424560546876,-0.04642575979232788,-0.06230825558304787,-0.08246681094169617
1788648249472504600,10.724504638671876,-0.05619960278272629,-0.07208210229873657,-0.07757988572120667
1788648249488485000,10.740485107421875,-0.05375614017248154,-0.05009094998240471,-0.06352998316287994
1788648249504479000,10.75647900390625,-0.03237585723400116,-0.015271631069481373,-0.04092797264456749
1788648249520487700,10.77248779296875,-0.06169738993048668,0.012828170321881771,0.03481931984424591
1788648249536575200,10.7885751953125,-0.04581489413976669,-0.0757472887635231,-0.05925392732024193
1788648249552624600,10.804624755859376,-0.02321287989616394,-0.14966198801994324,-0.08796459436416626
1788648249568616200,10.8206162109375,-0.02076941914856434,-0.1563815027475357,-0.04581489413976669
1788648249584675800,10.83667578125,-0.0403171069920063,-0.1618792861700058,0.07269296050071716
